x,y,u,v,w,p,omega
0.0,0.0,2.8923154e-05,-5.163625e-05,5.6905672e-05,-0.029175933,0.0005275859
0.0,0.034482758620689655,2.0131469e-05,-5.509332e-05,4.0488318e-05,-0.029174328,0.00047691303
0.0,0.06896551724137931,1.2300909e-05,-5.853176e-05,2.563931e-05,-0.029173056,0.00042867902
0.0,0.10344827586206896,5.379319e-06,-6.18808e-05,1.2399629e-05,-0.029172057,0.00038335734
0.0,0.13793103448275862,-6.183982e-07,-6.51218e-05,6.5378845e-07,-0.02917131,0.00034156218
0.0,0.1724137931034483,-5.7145953e-06,-6.819889e-05,-9.572133e-06,-0.02917079,0.00030412362
0.0,0.20689655172413793,-9.976327e-06,-7.1041286e-05,-1.837127e-05,-0.029170536,0.0002721287
0.0,0.24137931034482757,-1.335144e-05,-7.361919e-05,-2.5734305e-05,-0.029170414,0.00024686212
0.0,0.27586206896551724,-1.5884638e-05,-7.588416e-05,-3.1763688e-05,-0.029170508,0.00022968391
0.0,0.3103448275862069,-1.7553568e-05,-7.778779e-05,-3.6478043e-05,-0.029170739,0.00022153887
0.0,0.3448275862068966,-1.846999e-05,-7.928908e-05,-3.9935112e-05,-0.029171113,0.00022249631
0.0,0.3793103448275862,-1.8566847e-05,-8.035451e-05,-4.2190775e-05,-0.029171601,0.00023158437
0.0,0.41379310344827586,-1.7866492e-05,-8.091703e-05,-4.33065e-05,-0.029172217,0.00024709248
0.0,0.4482758620689655,-1.6443431e-05,-8.096546e-05,-4.3312088e-05,-0.02917292,0.0002671924
0.0,0.48275862068965514,-1.4252961e-05,-8.044392e-05,-4.229322e-05,-0.029173722,0.00029027023
0.0,0.5172413793103449,-1.1436641e-05,-7.933378e-05,-4.031509e-05,-0.029174607,0.00031512024
0.0,0.5517241379310345,-7.882714e-06,-7.757917e-05,-3.7401915e-05,-0.029175563,0.00034082876
0.0,0.5862068965517241,-3.6731362e-06,-7.516146e-05,-3.3654273e-05,-0.029176595,0.00036677363
0.0,0.6206896551724138,1.1995435e-06,-7.203221e-05,-2.913922e-05,-0.029177696,0.000392531
0.0,0.6551724137931034,6.6682696e-06,-6.8195164e-05,-2.3880973e-05,-0.029178873,0.00041778377
0.0,0.6896551724137931,1.2725592e-05,-6.360561e-05,-1.7987564e-05,-0.02918009,0.0004423312
0.0,0.7241379310344828,1.9304454e-05,-5.824864e-05,-1.1511147e-05,-0.0291814,0.00046603926
0.0,0.7586206896551724,2.6449561e-05,-5.205348e-05,-4.5057386e-06,-0.029182784,0.0004888023
0.0,0.7931034482758621,3.4093857e-05,-4.5057386e-05,2.9727817e-06,-0.029184224,0.00051058567
0.0,0.8275862068965517,4.220754e-05,-3.721565e-05,1.0827556e-05,-0.029185746,0.0005313456
0.0,0.8620689655172413,5.079806e-05,-2.8520823e-05,1.9008294e-05,-0.029187355,0.00055109605
0.0,0.896551724137931,5.978346e-05,-1.8950552e-05,2.7431175e-05,-0.02918907,0.0005698527
0.0,0.9310344827586207,6.9111586e-05,-8.486211e-06,3.6070123e-05,-0.029190876,0.00058764673
0.0,0.9655172413793103,7.882714e-05,2.8684735e-06,4.483573e-05,-0.02919276,0.00060451875
0.0,1.0,8.8877976e-05,1.513958e-05,5.3670257e-05,-0.029194783,0.0006205279
0.034482758620689655,0.0,3.4168363e-05,-5.9653074e-05,5.211495e-05,-0.029175386,0.000528765
0.034482758620689655,0.034482758620689655,2.528727e-05,-6.3013285e-05,3.622286e-05,-0.029173745,0.00047758827
0.034482758620689655,0.06896551724137931,1.7337501e-05,-6.633252e-05,2.1882355e-05,-0.029172385,0.0004285429
0.034482758620689655,0.10344827586206896,1.0237098e-05,-6.959587e-05,9.125099e-06,-0.029171275,0.00038200183
0.034482758620689655,0.13793103448275862,4.0233135e-06,-7.273257e-05,-2.1401793e-06,-0.0291704,0.0003384473
0.034482758620689655,0.1724137931034483,-1.3262033e-06,-7.5709075e-05,-1.1952594e-05,-0.029169742,0.00029854925
0.034482758620689655,0.20689655172413793,-5.8710575e-06,-7.8462064e-05,-2.033636e-05,-0.029169263,0.00026323437
0.034482758620689655,0.24137931034482757,-9.559095e-06,-8.094683e-05,-2.7347356e-05,-0.029168978,0.00023372109
0.034482758620689655,0.27586206896551724,-1.2412667e-05,-8.31373e-05,-3.3022836e-05,-0.029168835,0.00021149722
0.034482758620689655,0.3103448275862069,-1.4513731e-05,-8.498505e-05,-3.7429854e-05,-0.02916884,0.00019801862
0.034482758620689655,0.3448275862068966,-1.5817583e-05,-8.6426735e-05,-4.0605664e-05,-0.029168969,0.00019409062
0.034482758620689655,0.3793103448275862,-1.6391277e-05,-8.743629e-05,-4.263036e-05,-0.029169207,0.00019928384
0.034482758620689655,0.41379310344827586,-1.6197562e-05,-8.797273e-05,-4.3515116e-05,-0.029169537,0.00021203402
0.034482758620689655,0.4482758620689655,-1.528114e-05,-8.799508e-05,-4.3358654e-05,-0.029169982,0.00023028893
0.034482758620689655,0.48275862068965514,-1.3694167e-05,-8.746609e-05,-4.2211264e-05,-0.0291705,0.0002521543
0.034482758620689655,0.5172413793103449,-1.1377037e-05,-8.634105e-05,-4.0113926e-05,-0.029171094,0.000276162
0.034482758620689655,0.5517241379310345,-8.4117055e-06,-8.461997e-05,-3.7169084e-05,-0.029171774,0.00030125742
0.034482758620689655,0.5862068965517241,-4.7832727e-06,-8.222833e-05,-3.339164e-05,-0.029172517,0.0003267259
0.034482758620689655,0.6206896551724138,-5.9604645e-07,-7.9166144e-05,-2.8880313e-05,-0.029173339,0.00035210367
0.034482758620689655,0.6551724137931034,4.224479e-06,-7.539615e-05,-2.367422e-05,-0.029174246,0.0003770493
0.034482758620689655,0.6896551724137931,9.603798e-06,-7.08811e-05,-1.7851591e-05,-0.0291752,0.00040135198
0.034482758620689655,0.7241379310344828,1.5504658e-05,-6.561354e-05,-1.1503696e-05,-0.029176235,0.0004248838
0.034482758620689655,0.7586206896551724,2.1971762e-05,-5.9556216e-05,-4.656613e-06,-0.029177353,0.00044756357
0.034482758620689655,0.7931034482758621,2.8908253e-05,-5.2690506e-05,2.6263297e-06,-0.02917854,0.00046932866
0.034482758620689655,0.8275862068965517,3.632158e-05,-4.499778e-05,1.0240823e-05,-0.029179834,0.0004901783
0.034482758620689655,0.8620689655172413,4.412979e-05,-3.646314e-05,1.815334e-05,-0.029181216,0.0005101167
0.034482758620689655,0.896551724137931,5.2392483e-05,-2.7101487e-05,2.6304275e-05,-0.029182691,0.0005291641
0.034482758620689655,0.9310344827586207,6.1005354e-05,-1.6812235e-05,3.460422e-05,-0.029184284,0.0005473604
0.034482758620689655,0.9655172413793103,6.99833e-05,-5.64754e-06,4.297681e-05,-0.029185962,0.0005647595
0.034482758620689655,1.0,7.928163e-05,6.3963234e-06,5.140342e-05,-0.02918777,0.00058141706
0.06896551724137931,0.0,3.8467348e-05,-6.6779554e-05,4.7253445e-05,-0.02917535,0.0005306721
0.06896551724137931,0.034482758620689655,2.9541552e-05,-7.002428e-05,3.190711e-05,-0.029173682,0.00047933628
0.06896551724137931,0.06896551724137931,2.1450222e-05,-7.325038e-05,1.8078834e-05,-0.029172271,0.00042991238
0.06896551724137931,0.10344827586206896,1.4230609e-05,-7.6413155e-05,5.805865e-06,-0.02917108,0.00038265783
0.06896551724137931,0.13793103448275862,7.815659e-06,-7.946417e-05,-5.0049275e-06,-0.02917008,0.00033794896
0.06896551724137931,0.1724137931034483,2.2426248e-06,-8.234754e-05,-1.4396384e-05,-0.029169293,0.0002962777
0.06896551724137931,0.20689655172413793,-2.540648e-06,-8.5026026e-05,-2.2366643e-05,-0.029168652,0.00025837004
0.06896551724137931,0.24137931034482757,-6.534159e-06,-8.745119e-05,-2.900511e-05,-0.029168162,0.00022526161
0.06896551724137931,0.27586206896551724,-9.75281e-06,-8.957088e-05,-3.436394e-05,-0.029167816,0.00019835666
0.06896551724137931,0.3103448275862069,-1.2218952e-05,-9.1355294e-05,-3.8465485e-05,-0.029167615,0.0001793808
0.06896551724137931,0.3448275862068966,-1.3940036e-05,-9.2763454e-05,-4.1367486e-05,-0.029167514,0.00016986129
0.06896551724137931,0.3793103448275862,-1.4901161e-05,-9.373203e-05,-4.3153763e-05,-0.02916751,0.0001702571
0.06896551724137931,0.41379310344827586,-1.5169382e-05,-9.4257295e-05,-4.3852255e-05,-0.02916762,0.00017951497
0.06896551724137931,0.4482758620689655,-1.4767051e-05,-9.426847e-05,-4.353188e-05,-0.029167796,0.00019545955
0.06896551724137931,0.48275862068965514,-1.3664365e-05,-9.3743205e-05,-4.225038e-05,-0.029168058,0.00021586192
0.06896551724137931,0.5172413793103449,-1.1906028e-05,-9.2659146e-05,-4.0084124e-05,-0.029168395,0.00023890406
0.06896551724137931,0.5517241379310345,-9.49949e-06,-9.096414e-05,-3.7072226e-05,-0.029168831,0.00026332986
0.06896551724137931,0.5862068965517241,-6.4745545e-06,-8.863583e-05,-3.327243e-05,-0.029169308,0.0002883048
0.06896551724137931,0.6206896551724138,-2.8386712e-06,-8.56407e-05,-2.878718e-05,-0.029169863,0.00031327488
0.06896551724137931,0.6551724137931034,1.3336539e-06,-8.193776e-05,-2.3659319e-05,-0.029170511,0.00033791753
0.06896551724137931,0.6896551724137931,6.057322e-06,-7.753074e-05,-1.7950311e-05,-0.029171228,0.00036199397
0.06896551724137931,0.7241379310344828,1.1347234e-05,-7.239729e-05,-1.17029995e-05,-0.029172026,0.00038536784
0.06896551724137931,0.7586206896551724,1.7113984e-05,-6.645918e-05,-5.0365925e-06,-0.02917291,0.00040796894
0.06896551724137931,0.7931034482758621,2.335012e-05,-5.974993e-05,2.0228326e-06,-0.029173883,0.0004297555
0.06896551724137931,0.8275862068965517,3.0048192e-05,-5.221367e-05,9.404495e-06,-0.029174952,0.00045072447
0.06896551724137931,0.8620689655172413,3.720075e-05,-4.3880194e-05,1.7046928e-05,-0.029176125,0.0004708747
0.06896551724137931,0.896551724137931,4.4748187e-05,-3.4671277e-05,2.4849549e-05,-0.029177384,0.0004902697
0.06896551724137931,0.9310344827586207,5.2668154e-05,-2.4624169e-05,3.2795593e-05,-0.029178778,0.00050892023
0.06896551724137931,0.9655172413793103,6.09383e-05,-1.3735145e-05,4.0818006e-05,-0.029180279,0.00052690774
0.06896551724137931,1.0,6.950647e-05,-1.9297004e-06,4.8864633e-05,-0.029181894,0.00054427993
0.10344827586206896,0.0,4.1931868e-05,-7.298589e-05,4.2373314e-05,-0.02917577,0.00053313666
0.10344827586206896,0.034482758620689655,3.2924116e-05,-7.612631e-05,2.7552247e-05,-0.029174095,0.00048200137
0.10344827586206896,0.06896551724137931,2.4750829e-05,-7.927418e-05,1.4256686e-05,-0.029172627,0.0004325826
0.10344827586206896,0.10344827586206896,1.7374754e-05,-8.234009e-05,2.4642795e-06,-0.029171364,0.00038509455
0.10344827586206896,0.13793103448275862,1.0810792e-05,-8.530542e-05,-7.903203e-06,-0.029170288,0.00033980276
0.10344827586206896,0.1724137931034483,5.029142e-06,-8.812174e-05,-1.6856939e-05,-0.029169371,0.00029706125
0.10344827586206896,0.20689655172413793,7.450581e-09,-9.072572e-05,-2.4445355e-05,-0.029168576,0.00025737795
0.10344827586206896,0.24137931034482757,-4.261732e-06,-9.3087554e-05,-3.071688e-05,-0.029167935,0.0002215492
0.10344827586206896,0.27586206896551724,-7.785857e-06,-9.516999e-05,-3.5742298e-05,-0.029167429,0.00019072421
0.10344827586206896,0.3103448275862069,-1.0579824e-05,-9.691715e-05,-3.9551407e-05,-0.02916699,0.00016656096
0.10344827586206896,0.3448275862068966,-1.2658536e-05,-9.8299235e-05,-4.2216852e-05,-0.02916669,0.00015103305
0.10344827586206896,0.3793103448275862,-1.4074147e-05,-9.9264085e-05,-4.3753535e-05,-0.02916647,0.00014566122
0.10344827586206896,0.41379310344827586,-1.4744699e-05,-9.9770725e-05,-4.427135e-05,-0.02916635,0.0001503666
0.10344827586206896,0.4482758620689655,-1.4796853e-05,-9.97968e-05,-4.3811277e-05,-0.029166302,0.00016328017
0.10344827586206896,0.48275862068965514,-1.4193356e-05,-9.929761e-05,-4.241988e-05,-0.029166337,0.00018179082
0.10344827586206896,0.5172413793103449,-1.2934208e-05,-9.8243356e-05,-4.0147454e-05,-0.02916645,0.00020365484
0.10344827586206896,0.5517241379310345,-1.1056662e-05,-9.660423e-05,-3.710948e-05,-0.029166624,0.00022729576
0.10344827586206896,0.5862068965517241,-8.620322e-06,-9.434298e-05,-3.330782e-05,-0.029166888,0.00025170748
0.10344827586206896,0.6206896551724138,-5.580485e-06,-9.1448426e-05,-2.8874725e-05,-0.029167222,0.00027626203
0.10344827586206896,0.6551724137931034,-1.989305e-06,-8.785352e-05,-2.3802742e-05,-0.02916764,0.0003005697
0.10344827586206896,0.6896551724137931,2.1234155e-06,-8.355826e-05,-1.8207356e-05,-0.029168133,0.00032440544
0.10344827586206896,0.7241379310344828,6.7576766e-06,-7.8547746e-05,-1.2140721e-05,-0.029168721,0.00034762573
0.10344827586206896,0.7586206896551724,1.1913478e-05,-7.2781e-05,-5.6177378e-06,-0.029169392,0.00037016647
0.10344827586206896,0.7931034482758621,1.7501414e-05,-6.621331e-05,1.2032688e-06,-0.02917017,0.00039199943
0.10344827586206896,0.8275862068965517,2.3558736e-05,-5.891174e-05,8.320436e-06,-0.02917103,0.00041310443
0.10344827586206896,0.8620689655172413,3.002584e-05,-5.077198e-05,1.5668571e-05,-0.029172003,0.00043352487
0.10344827586206896,0.896551724137931,3.6880374e-05,-4.1808933e-05,2.3163855e-05,-0.029173097,0.00045329612
0.10344827586206896,0.9310344827586207,4.412234e-05,-3.199652e-05,3.0761585e-05,-0.029174324,0.00047245953
0.10344827586206896,0.9655172413793103,5.1684678e-05,-2.1334738e-05,3.839284e-05,-0.029175635,0.00049108
0.10344827586206896,1.0,5.9574842e-05,-9.808689e-06,4.6007335e-05,-0.029177113,0.00050921465
0.13793103448275862,0.0,4.4487417e-05,-7.821992e-05,3.7478283e-05,-0.029176572,0.0005360525
0.13793103448275862,0.034482758620689655,3.5464764e-05,-8.130446e-05,2.3206696e-05,-0.029174898,0.00048540035
0.13793103448275862,0.06896551724137931,2.7254224e-05,-8.43592e-05,1.04215e-05,-0.029173423,0.00043635617
0.13793103448275862,0.10344827586206896,1.9788742e-05,-8.736551e-05,-9.0152025e-07,-0.029172104,0.00038906457
0.13793103448275862,0.13793103448275862,1.3045967e-05,-9.027496e-05,-1.0818243e-05,-0.029170947,0.00034370765
0.13793103448275862,0.1724137931034483,7.107854e-06,-9.301677e-05,-1.9334257e-05,-0.029169915,0.0003005333
0.13793103448275862,0.20689655172413793,1.899898e-06,-9.55835e-05,-2.6527792e-05,-0.02916901,0.0002598923
0.13793103448275862,0.24137931034482757,-2.630055e-06,-9.7919255e-05,-3.2464042e-05,-0.029168203,0.00022232543
0.13793103448275862,0.27586206896551724,-6.4596534e-06,-9.993836e-05,-3.7163496e-05,-0.029167524,0.00018866603
0.13793103448275862,0.3103448275862069,-9.5665455e-06,-0.00010164827,-4.0668994e-05,-0.029166957,0.00016023166
0.13793103448275862,0.3448275862068966,-1.1980534e-05,-0.00010303408,-4.3084845e-05,-0.029166447,0.00013895663
0.13793103448275862,0.3793103448275862,-1.3753772e-05,-0.00010398775,-4.4431537e-05,-0.029166047,0.0001270842
0.13793103448275862,0.41379310344827586,-1.4878809e-05,-0.00010452047,-4.4761226e-05,-0.029165704,0.00012595077
0.13793103448275862,0.4482758620689655,-1.5355647e-05,-0.00010456517,-4.415214e-05,-0.029165449,0.00013468077
0.13793103448275862,0.48275862068965514,-1.5214086e-05,-0.00010410696,-4.266575e-05,-0.029165266,0.00015057545
0.13793103448275862,0.5172413793103449,-1.4424324e-05,-0.000103108585,-4.035607e-05,-0.029165164,0.0001708527
0.13793103448275862,0.5517241379310345,-1.3098121e-05,-0.00010154769,-3.7280843e-05,-0.029165138,0.00019349057
0.13793103448275862,0.5862068965517241,-1.116097e-05,-9.936839e-05,-3.3514574e-05,-0.029165179,0.00021721168
0.13793103448275862,0.6206896551724138,-8.679926e-06,-9.657815e-05,-2.9113144e-05,-0.02916533,0.00024126635
0.13793103448275862,0.6551724137931034,-5.6549907e-06,-9.309873e-05,-2.4141744e-05,-0.029165529,0.00026520746
0.13793103448275862,0.6896551724137931,-2.115965e-06,-8.895993e-05,-1.8656254e-05,-0.02916583,0.00028877822
0.13793103448275862,0.7241379310344828,1.9147992e-06,-8.410588e-05,-1.2746081e-05,-0.02916623,0.000311842
0.13793103448275862,0.7586206896551724,6.429851e-06,-7.851794e-05,-6.435439e-06,-0.029166708,0.00033432286
0.13793103448275862,0.7931034482758621,1.1406839e-05,-7.215887e-05,1.6018748e-07,-0.029167313,0.00035619971
0.13793103448275862,0.8275862068965517,1.6830862e-05,-6.505102e-05,7.024035e-06,-0.029167995,0.0003774723
0.13793103448275862,0.8620689655172413,2.2649765e-05,-5.7142228e-05,1.405552e-05,-0.029168805,0.00039818313
0.13793103448275862,0.896551724137931,2.8848648e-05,-4.8410147e-05,2.1215528e-05,-0.029169751,0.0004183717
0.13793103448275862,0.9310344827586207,3.539771e-05,-3.8903207e-05,2.8461218e-05,-0.0291708,0.00043806975
0.13793103448275862,0.9655172413793103,4.235655e-05,-2.8513372e-05,3.570132e-05,-0.029171996,0.0004573652
0.13793103448275862,1.0,4.9598515e-05,-1.7281622e-05,4.2881817e-05,-0.029173294,0.00047631457
0.1724137931034483,0.0,4.631281e-05,-8.253381e-05,3.2562762e-05,-0.029177697,0.0005392845
0.1724137931034483,0.034482758620689655,3.7290156e-05,-8.553639e-05,1.885742e-05,-0.029176071,0.00048937683
0.1724137931034483,0.06896551724137931,2.9027462e-05,-8.8553876e-05,6.571412e-06,-0.029174563,0.0004410132
0.1724137931034483,0.10344827586206896,2.1480024e-05,-9.150058e-05,-4.2375177e-06,-0.029173197,0.00039428292
0.1724137931034483,0.13793103448275862,1.463294e-05,-9.435788e-05,-1.3688579e-05,-0.029171972,0.00034932076
0.1724137931034483,0.1724137931034483,8.538365e-06,-9.7066164e-05,-2.1813437e-05,-0.029170848,0.00030628973
0.1724137931034483,0.20689655172413793,3.1143427e-06,-9.957701e-05,-2.8640032e-05,-0.029169824,0.0002654204
0.1724137931034483,0.24137931034482757,-1.6316772e-06,-0.00010186061,-3.4205616e-05,-0.029168926,0.00022706109
0.1724137931034483,0.27586206896551724,-5.7145953e-06,-0.00010389462,-3.8592145e-05,-0.029168094,0.00019175313
0.1724137931034483,0.3103448275862069,-9.097159e-06,-0.00010559335,-4.1829422e-05,-0.02916735,0.0001604017
0.1724137931034483,0.3448275862068966,-1.1861324e-05,-0.000106945634,-4.400499e-05,-0.029166691,0.00013450677
0.1724137931034483,0.3793103448275862,-1.399219e-05,-0.00010792911,-4.515238e-05,-0.029166108,0.00011630457
0.1724137931034483,0.41379310344827586,-1.5474856e-05,-0.000108495355,-4.5318156e-05,-0.02916559,0.000108235676
0.1724137931034483,0.4482758620689655,-1.6361475e-05,-0.000108581036,-4.4584274e-05,-0.02916515,0.000111186026
0.1724137931034483,0.48275862068965514,-1.6629696e-05,-0.00010819733,-4.300289e-05,-0.029164797,0.00012325044
0.1724137931034483,0.5172413793103449,-1.6354024e-05,-0.00010726601,-4.0648505e-05,-0.029164493,0.00014121886
0.1724137931034483,0.5517241379310345,-1.5459955e-05,-0.00010577589,-3.7558377e-05,-0.029164273,0.00016244006
0.1724137931034483,0.5862068965517241,-1.4036894e-05,-0.00010372326,-3.3805147e-05,-0.029164152,0.00018523521
0.1724137931034483,0.6206896551724138,-1.2084842e-05,-0.00010105595,-2.9474497e-05,-0.029164087,0.0002086364
0.1724137931034483,0.6551724137931034,-9.611249e-06,-9.772554e-05,-2.4601817e-05,-0.029164115,0.00023210111
0.1724137931034483,0.6896551724137931,-6.6384673e-06,-9.372458e-05,-1.9254163e-05,-0.029164242,0.00025534714
0.1724137931034483,0.7241379310344828,-3.1515956e-06,-8.9060515e-05,-1.35190785e-05,-0.029164474,0.00027819918
0.1724137931034483,0.7586206896551724,7.748604e-07,-8.366257e-05,-7.4133277e-06,-0.029164797,0.00030060014
0.1724137931034483,0.7931034482758621,5.1409006e-06,-7.754192e-05,-1.071021e-06,-0.029165229,0.00032251255
0.1724137931034483,0.8275862068965517,9.931624e-06,-7.065758e-05,5.511567e-06,-0.029165791,0.00034396377
0.1724137931034483,0.8620689655172413,1.5132129e-05,-6.298721e-05,1.22487545e-05,-0.02916645,0.0003649682
0.1724137931034483,0.896551724137931,2.0734966e-05,-5.4556876e-05,1.906231e-05,-0.029167242,0.00038558256
0.1724137931034483,0.9310344827586207,2.6710331e-05,-4.530698e-05,2.592802e-05,-0.029168166,0.00040585577
0.1724137931034483,0.9655172413793103,3.2953918e-05,-3.5241246e-05,3.276579e-05,-0.029169222,0.000425855
0.1724137931034483,1.0,3.9562583e-05,-2.4344772e-05,3.9514154e-05,-0.029170414,0.00044563768
0.20689655172413793,0.0,4.7437847e-05,-8.590147e-05,2.7757138e-05,-0.029179078,0.00054270995
0.20689655172413793,0.034482758620689655,3.8452446e-05,-8.887425e-05,1.4543533e-05,-0.029177487,0.0004937896
0.20689655172413793,0.06896551724137931,3.015995e-05,-9.183213e-05,2.803281e-06,-0.029175999,0.00044635724
0.20689655172413793,0.10344827586206896,2.2538006e-05,-9.473413e-05,-7.5679272e-06,-0.029174618,0.00040049554
0.20689655172413793,0.13793103448275862,1.5623868e-05,-9.755418e-05,-1.6568229e-05,-0.029173337,0.0003563068
0.20689655172413793,0.1724137931034483,9.357929e-06,-0.000100214034,-2.4275854e-05,-0.029172154,0.00031388275
0.20689655172413793,0.20689655172413793,3.7550926e-06,-0.00010270253,-3.0718744e-05,-0.029171033,0.00027338928
0.20689655172413793,0.24137931034482757,-1.15484e-06,-0.000104982406,-3.5950914e-05,-0.029170023,0.00023503038
0.20689655172413793,0.27586206896551724,-5.4761767e-06,-0.00010700524,-4.0033832e-05,-0.029169057,0.00019915316
0.20689655172413793,0.3103448275862069,-9.149313e-06,-0.00010871142,-4.3008476e-05,-0.029168192,0.00016632101
0.20689655172413793,0.3448275862068966,-1.21966e-05,-0.00011009723,-4.4945627e-05,-0.029167375,0.00013750976
0.20689655172413793,0.3793103448275862,-1.4647841e-05,-0.00011111051,-4.5901164e-05,-0.029166624,0.000114390634
0.20689655172413793,0.41379310344827586,-1.6510487e-05,-0.000111706555,-4.5910478e-05,-0.029165966,9.9477664e-05
0.20689655172413793,0.4482758620689655,-1.7747283e-05,-0.00011184439,-4.5057386e-05,-0.029165352,9.518076e-05
0.20689655172413793,0.48275862068965514,-1.8447638e-05,-0.00011153519,-4.3399632e-05,-0.029164815,0.00010158665
0.20689655172413793,0.5172413793103449,-1.8574297e-05,-0.0001107119,-4.098937e-05,-0.02916436,0.00011593656
0.20689655172413793,0.5517241379310345,-1.8171966e-05,-0.00010934472,-3.7910417e-05,-0.029163983,0.00013495535
0.20689655172413793,0.5862068965517241,-1.7218292e-05,-0.000107403845,-3.4198165e-05,-0.029163685,0.00015633962
0.20689655172413793,0.6206896551724138,-1.5757978e-05,-0.000104855746,-2.993457e-05,-0.029163469,0.00017878744
0.20689655172413793,0.6551724137931034,-1.3791025e-05,-0.0001017116,-2.517365e-05,-0.029163346,0.0002015839
0.20689655172413793,0.6896551724137931,-1.1354685e-05,-9.7911805e-05,-1.999177e-05,-0.02916333,0.00022436933
0.20689655172413793,0.7241379310344828,-8.434057e-06,-9.343773e-05,-1.4431775e-05,-0.029163389,0.000246927
0.20689655172413793,0.7586206896551724,-5.058944e-06,-8.824468e-05,-8.581206e-06,-0.02916358,0.00026918165
0.20689655172413793,0.7931034482758621,-1.2591481e-06,-8.236244e-05,-2.4605542e-06,-0.02916388,0.00029110827
0.20689655172413793,0.8275862068965517,2.9727817e-06,-7.573143e-05,3.8463622e-06,-0.029164301,0.00031269976
0.20689655172413793,0.8620689655172413,7.56979e-06,-6.83479e-05,1.0244548e-05,-0.029164849,0.00033400816
0.20689655172413793,0.896551724137931,1.2584031e-05,-6.0196966e-05,1.6713515e-05,-0.029165518,0.00035504866
0.20689655172413793,0.9310344827586207,1.7933547e-05,-5.125627e-05,2.3210421e-05,-0.029166326,0.0003758974
0.20689655172413793,0.9655172413793103,2.3573637e-05,-4.150346e-05,2.9629096e-05,-0.029167281,0.0003966064
0.20689655172413793,1.0,2.9586256e-05,-3.0979514e-05,3.594719e-05,-0.029168358,0.00041722937
0.24137931034482757,0.0,4.7922134e-05,-8.8356435e-05,2.2966415e-05,-0.029180663,0.0005462316
0.24137931034482757,0.034482758620689655,3.8959086e-05,-9.127706e-05,1.0311604e-05,-0.0291791,0.0004984686
0.24137931034482757,0.06896551724137931,3.067404e-05,-9.420514e-05,-9.4249845e-07,-0.02917764,0.0004521905
0.24137931034482757,0.10344827586206896,2.3029745e-05,-9.7073615e-05,-1.0827556e-05,-0.02917625,0.00040745377
0.24137931034482757,0.13793103448275862,1.6026199e-05,-9.985641e-05,-1.9401312e-05,-0.029174946,0.00036432574
0.24137931034482757,0.1724137931034483,9.655952e-06,-0.00010250509,-2.668798e-05,-0.029173695,0.0003228884
0.24137931034482757,0.20689655172413793,3.941357e-06,-0.00010498613,-3.277138e-05,-0.029172515,0.00028322474
0.24137931034482757,0.24137931034482757,-1.206994e-06,-0.00010726601,-3.766641e-05,-0.029171411,0.00024548784
0.24137931034482757,0.27586206896551724,-5.699694e-06,-0.00010928884,-4.1451305e-05,-0.029170353,0.00020986854
0.24137931034482757,0.3103448275862069,-9.6187e-06,-0.0001110211,-4.416518e-05,-0.029169355,0.0001767301
0.24137931034482757,0.3448275862068966,-1.2949109e-05,-0.00011245161,-4.5888126e-05,-0.02916842,0.00014665909
0.24137931034482757,0.3793103448275862,-1.5683472e-05,-0.00011349097,-4.6662986e-05,-0.029167531,0.00012070984
0.24137931034482757,0.41379310344827586,-1.7859042e-05,-0.00011416152,-4.653819e-05,-0.02916673,0.00010069373
0.24137931034482757,0.4482758620689655,-1.9490719e-05,-0.000114388764,-4.5562163e-05,-0.029165968,8.919254e-05
0.24137931034482757,0.48275862068965514,-2.0571053e-05,-0.00011417642,-4.3852255e-05,-0.029165307,8.819689e-05
0.24137931034482757,0.5172413793103449,-2.1107495e-05,-0.000113446265,-4.1414052e-05,-0.029164694,9.6931486e-05
0.24137931034482757,0.5517241379310345,-2.1107495e-05,-0.00011220202,-3.8340688e-05,-0.02916417,0.00011232243
0.24137931034482757,0.5862068965517241,-2.0623207e-05,-0.00011040643,-3.468059e-05,-0.029163733,0.00013141813
0.24137931034482757,0.6206896551724138,-1.962483e-05,-0.000108044595,-3.050454e-05,-0.029163387,0.0001523515
0.24137931034482757,0.6551724137931034,-1.8164515e-05,-0.00010507181,-2.5872141e-05,-0.029163118,0.0001741228
0.24137931034482757,0.6896551724137931,-1.6205013e-05,-0.00010146573,-2.0835549e-05,-0.029162958,0.00019619959
0.24137931034482757,0.7241379310344828,-1.3798475e-05,-9.719655e-05,-1.5489757e-05,-0.029162906,0.00021829705
0.24137931034482757,0.7586206896551724,-1.0937452e-05,-9.226054e-05,-9.836629e-06,-0.029162982,0.00024030016
0.24137931034482757,0.7931034482758621,-7.688999e-06,-8.66428e-05,-3.993511e-06,-0.029163167,0.00026215464
0.24137931034482757,0.8275862068965517,-4.0382147e-06,-8.027628e-05,2.0042062e-06,-0.029163476,0.00028384224
0.24137931034482757,0.8620689655172413,2.2351742e-08,-7.3194504e-05,8.078292e-06,-0.029163925,0.0003053926
0.24137931034482757,0.896551724137931,4.425645e-06,-6.535277e-05,1.4213845e-05,-0.029164497,0.0003268513
0.24137931034482757,0.9310344827586207,9.201467e-06,-5.6747347e-05,2.0284206e-05,-0.029165206,0.0003482481
0.24137931034482757,0.9655172413793103,1.4290214e-05,-4.734844e-05,2.6296824e-05,-0.029166067,0.00036964123
0.24137931034482757,1.0,1.9676983e-05,-3.7163496e-05,3.2184646e-05,-0.029167049,0.00039107393
0.27586206896551724,0.0,4.7832727e-05,-8.9854e-05,1.8278137e-05,-0.029182358,0.00054974406
0.27586206896551724,0.034482758620689655,3.8929284e-05,-9.275973e-05,6.163493e-06,-0.029180866,0.00050330354
0.27586206896551724,0.06896551724137931,3.065169e-05,-9.565428e-05,-4.5858324e-06,-0.029179439,0.00045835445
0.27586206896551724,0.10344827586206896,2.2999942e-05,-9.852275e-05,-1.3990328e-05,-0.029178055,0.0004149339
0.27586206896551724,0.13793103448275862,1.5951693e-05,-0.000101298094,-2.2144988e-05,-0.029176734,0.0003731046
0.27586206896551724,0.1724137931034483,9.49204e-06,-0.00010394305,-2.9034913e-05,-0.029175455,0.00033290373
0.27586206896551724,0.20689655172413793,3.6507845e-06,-0.00010642782,-3.476441e-05,-0.029174227,0.00029441295
0.27586206896551724,0.24137931034482757,-1.6316772e-06,-0.00010872632,-3.9316714e-05,-0.02917302,0.0002577097
0.27586206896551724,0.27586206896551724,-6.325543e-06,-0.00011077151,-4.282035e-05,-0.02917189,0.000222927
0.27586206896551724,0.3103448275862069,-1.0453165e-05,-0.00011254102,-4.5303255e-05,-0.0291708,0.00019027962
0.27586206896551724,0.3448275862068966,-1.4029443e-05,-0.00011400506,-4.6810135e-05,-0.029169748,0.00016013384
0.27586206896551724,0.3793103448275862,-1.706183e-05,-0.00011513382,-4.740618e-05,-0.029168772,0.00013313077
0.27586206896551724,0.41379310344827586,-1.951307e-05,-0.00011585653,-4.7156587e-05,-0.029167835,0.0001103684
0.27586206896551724,0.4482758620689655,-2.1494925e-05,-0.00011620298,-4.608743e-05,-0.029166957,9.367505e-05
0.27586206896551724,0.48275862068965514,-2.2895634e-05,-0.00011609122,-4.4323504e-05,-0.02916616,8.536273e-05
0.27586206896551724,0.5172413793103449,-2.3826957e-05,-0.0001154989,-4.187599e-05,-0.029165445,8.67331e-05
0.27586206896551724,0.5517241379310345,-2.425909e-05,-0.00011440739,-3.8823113e-05,-0.029164772,9.648319e-05
0.27586206896551724,0.5862068965517241,-2.4184585e-05,-0.00011277199,-3.523566e-05,-0.029164223,0.00011179182
0.27586206896551724,0.6206896551724138,-2.3625791e-05,-0.00011058524,-3.1121075e-05,-0.029163746,0.00013024843
0.27586206896551724,0.6551724137931034,-2.2605062e-05,-0.00010781735,-2.6622787e-05,-0.02916338,0.00015036072
0.27586206896551724,0.6896551724137931,-2.1114945e-05,-0.00010443106,-2.1768734e-05,-0.029163102,0.0001713115
0.27586206896551724,0.7241379310344828,-1.924485e-05,-0.0001004003,-1.6631559e-05,-0.029162953,0.0001926578
0.27586206896551724,0.7586206896551724,-1.692772e-05,-9.573251e-05,-1.123175e-05,-0.029162927,0.00021420428
0.27586206896551724,0.7931034482758621,-1.4148653e-05,-9.037927e-05,-5.6624413e-06,-0.029163001,0.00023583484
0.27586206896551724,0.8275862068965517,-1.104176e-05,-8.433312e-05,3.3527613e-08,-0.02916324,0.00025751378
0.27586206896551724,0.8620689655172413,-7.517636e-06,-7.754937e-05,5.779788e-06,-0.029163597,0.000279249
0.27586206896551724,0.896551724137931,-3.6284328e-06,-7.003546e-05,1.1516735e-05,-0.029164083,0.0003010414
0.27586206896551724,0.9310344827586207,5.5879354e-07,-6.1787665e-05,1.7212704e-05,-0.029164724,0.00032294443
0.27586206896551724,0.9655172413793103,5.1110983e-06,-5.275756e-05,2.281554e-05,-0.0291655,0.0003449697
0.27586206896551724,1.0,9.953976e-06,-4.2978674e-05,2.8252602e-05,-0.029166423,0.0003671682
0.3103448275862069,0.0,4.723668e-05,-9.0420246e-05,1.3699755e-05,-0.029184118,0.00055317295
0.3103448275862069,0.034482758620689655,3.838539e-05,-9.333342e-05,2.1029264e-06,-0.029182708,0.0005081796
0.3103448275862069,0.06896551724137931,3.015995e-05,-9.621307e-05,-8.141622e-06,-0.029181337,0.00046469353
0.3103448275862069,0.10344827586206896,2.2523105e-05,-9.9059194e-05,-1.7108396e-05,-0.029179975,0.0004227455
0.3103448275862069,0.13793103448275862,1.5430152e-05,-0.00010184571,-2.4810433e-05,-0.029178645,0.00038236257
0.3103448275862069,0.1724137931034483,8.925796e-06,-0.00010451302,-3.131479e-05,-0.029177362,0.00034359386
0.3103448275862069,0.20689655172413793,2.9727817e-06,-0.00010703504,-3.6671758e-05,-0.029176082,0.00030648537
0.3103448275862069,0.24137931034482757,-2.4288893e-06,-0.00010935217,-4.0924177e-05,-0.029174838,0.00027107677
0.3103448275862069,0.27586206896551724,-7.286668e-06,-0.00011144951,-4.4150278e-05,-0.029173631,0.00023748155
0.3103448275862069,0.3103448275862069,-1.1622906e-05,-0.0001132749,-4.6379864e-05,-0.029172456,0.00020581056
0.3103448275862069,0.3448275862068966,-1.54078e-05,-0.00011481345,-4.7698617e-05,-0.029171323,0.00017630037
0.3103448275862069,0.3793103448275862,-1.8700957e-05,-0.00011601299,-4.8125163e-05,-0.029170226,0.00014932826
0.3103448275862069,0.41379310344827586,-2.143532e-05,-0.000116847456,-4.7760084e-05,-0.029169198,0.00012556178
0.3103448275862069,0.4482758620689655,-2.3670495e-05,-0.000117290765,-4.662946e-05,-0.029168215,0.00010610646
0.3103448275862069,0.48275862068965514,-2.5436282e-05,-0.000117305666,-4.4809654e-05,-0.029167313,9.260607e-05
0.3103448275862069,0.5172413793103449,-2.6725233e-05,-0.00011685118,-4.2360276e-05,-0.029166477,8.684377e-05
0.3103448275862069,0.5517241379310345,-2.7507544e-05,-0.000115938485,-3.932789e-05,-0.02916573,8.946607e-05
0.3103448275862069,0.5862068965517241,-2.784282e-05,-0.00011448935,-3.5801902e-05,-0.029165069,9.915777e-05
0.3103448275862069,0.6206896551724138,-2.7693808e-05,-0.00011250004,-3.1840056e-05,-0.029164486,0.00011368666
0.3103448275862069,0.6551724137931034,-2.7135015e-05,-0.00010994077,-2.7466565e-05,-0.029164027,0.00013112888
0.3103448275862069,0.6896551724137931,-2.6106834e-05,-0.00010678172,-2.2804365e-05,-0.029163674,0.00015026561
0.3103448275862069,0.7241379310344828,-2.463907e-05,-0.00010303408,-1.7853454e-05,-0.029163439,0.00017041448
0.3103448275862069,0.7586206896551724,-2.2828579e-05,-9.864196e-05,-1.270324e-05,-0.029163336,0.00019116903
0.3103448275862069,0.7931034482758621,-2.0563602e-05,-9.358302e-05,-7.402152e-06,-0.029163336,0.00021235754
0.3103448275862069,0.8275862068965517,-1.7933547e-05,-8.78647e-05,-2.0340085e-06,-0.02916349,0.00023385217
0.3103448275862069,0.8620689655172413,-1.4945865e-05,-8.141622e-05,3.3602118e-06,-0.029163785,0.00025563623
0.3103448275862069,0.896551724137931,-1.1600554e-05,-7.425994e-05,8.7264925e-06,-0.029164203,0.0002776692
0.3103448275862069,0.9310344827586207,-7.897615e-06,-6.637722e-05,1.4031306e-05,-0.02916479,0.00029996864
0.3103448275862069,0.9655172413793103,-3.874302e-06,-5.7768077e-05,1.9190833e-05,-0.029165505,0.0003225582
0.3103448275862069,1.0,3.874302e-07,-4.8365444e-05,2.418086e-05,-0.029166382,0.00034544803
0.3448275862068966,0.0,4.618615e-05,-9.006262e-05,9.231269e-06,-0.029185904,0.00055644603
0.3448275862068966,0.034482758620689655,3.746897e-05,-9.298697e-05,-1.8235296e-06,-0.029184582,0.00051300705
0.3448275862068966,0.06896551724137931,2.9273331e-05,-9.5870346e-05,-1.1572614e-05,-0.029183269,0.0004710803
0.3448275862068966,0.10344827586206896,2.1666288e-05,-9.875372e-05,-2.0064414e-05,-0.02918194,0.00043070296
0.3448275862068966,0.13793103448275862,1.4543533e-05,-0.00010154396,-2.7341768e-05,-0.029180638,0.0003918861
0.3448275862068966,0.1724137931034483,8.009374e-06,-0.000104255974,-3.3471733e-05,-0.02917934,0.00035466754
0.3448275862068966,0.20689655172413793,1.9744039e-06,-0.00010679662,-3.8485974e-05,-0.029178036,0.0003190649
0.3448275862068966,0.24137931034482757,-3.5241246e-06,-0.00010916963,-4.2449683e-05,-0.02917676,0.00028511527
0.3448275862068966,0.27586206896551724,-8.538365e-06,-0.000111319125,-4.5409426e-05,-0.029175503,0.00025287384
0.3448275862068966,0.3103448275862069,-1.3008714e-05,-0.0001132302,-4.741177e-05,-0.029174255,0.00022242067
0.3448275862068966,0.3448275862068966,-1.7017126e-05,-0.00011484325,-4.8529357e-05,-0.029173056,0.0001938882
0.3448275862068966,0.3793103448275862,-2.0496547e-05,-0.00011613965,-4.8821792e-05,-0.029171892,0.00016752665
0.3448275862068966,0.41379310344827586,-2.3506582e-05,-0.0001170896,-4.834123e-05,-0.029170766,0.00014371035
0.3448275862068966,0.4482758620689655,-2.6017427e-05,-0.000117670745,-4.7121197e-05,-0.029169723,0.00012310763
0.3448275862068966,0.48275862068965514,-2.809614e-05,-0.00011783093,-4.527718e-05,-0.029168727,0.00010669758
0.3448275862068966,0.5172413793103449,-2.9720366e-05,-0.00011754781,-4.283525e-05,-0.029167803,9.584565e-05
0.3448275862068966,0.5517241379310345,-3.0845404e-05,-0.0001167953,-3.986247e-05,-0.029166967,9.1794514e-05
0.3448275862068966,0.5862068965517241,-3.154576e-05,-0.000115565956,-3.6409125e-05,-0.029166212,9.483865e-05
0.3448275862068966,0.6206896551724138,-3.180653e-05,-0.00011378527,-3.25609e-05,-0.029165557,0.00010394404
0.3448275862068966,0.6551724137931034,-3.1620264e-05,-0.00011148304,-2.8353184e-05,-0.02916502,0.00011741832
0.3448275862068966,0.6896551724137931,-3.103167e-05,-0.00010859966,-2.3860484e-05,-0.02916459,0.00013379575
0.3448275862068966,0.7241379310344828,-3.001839e-05,-0.00010512024,-1.914613e-05,-0.029164301,0.00015204289
0.3448275862068966,0.7586206896551724,-2.861023e-05,-0.00010101125,-1.4262274e-05,-0.029164113,0.00017155003
0.3448275862068966,0.7931034482758621,-2.6851892e-05,-9.627268e-05,-9.281561e-06,-0.029164068,0.00019192936
0.3448275862068966,0.8275862068965517,-2.4706125e-05,-9.087846e-05,-4.1909516e-06,-0.029164158,0.0002129911
0.3448275862068966,0.8620689655172413,-2.220273e-05,-8.479506e-05,8.363277e-07,-0.029164394,0.00023461164
0.3448275862068966,0.896551724137931,-1.9349158e-05,-7.803738e-05,5.8505684e-06,-0.029164786,0.0002567255
0.3448275862068966,0.9310344827586207,-1.616776e-05,-7.053837e-05,1.0736287e-05,-0.02916532,0.00027930515
0.3448275862068966,0.9655172413793103,-1.2673438e-05,-6.233156e-05,1.5465543e-05,-0.029166004,0.0003023236
0.3448275862068966,1.0,-8.8736415e-06,-5.336851e-05,1.9997358e-05,-0.029166825,0.00032578016
0.3793103448275862,0.0,4.476309e-05,-8.8814646e-05,4.9378723e-06,-0.02918762,0.0005595158
0.3793103448275862,0.034482758620689655,3.6142766e-05,-9.17241e-05,-5.5972487e-06,-0.029186422,0.0005176973
0.3793103448275862,0.06896551724137931,2.8066337e-05,-9.46559e-05,-1.4845282e-05,-0.029185183,0.00047741825
0.3793103448275862,0.10344827586206896,2.0451844e-05,-9.756163e-05,-2.2903085e-05,-0.029183919,0.00043867537
0.3793103448275862,0.13793103448275862,1.3396144e-05,-0.00010040775,-2.9776245e-05,-0.029182654,0.00040149433
0.3793103448275862,0.1724137931034483,6.824732e-06,-0.000103171915,-3.551878e-05,-0.029181352,0.00036589007
0.3793103448275862,0.20689655172413793,7.599592e-07,-0.00010576099,-4.0199608e-05,-0.02918004,0.00033185928
0.3793103448275862,0.24137931034482757,-4.8577785e-06,-0.000108193606,-4.3857843e-05,-0.029178737,0.0002994331
0.3793103448275862,0.27586206896551724,-9.961426e-06,-0.0001104027,-4.6556816e-05,-0.029177431,0.0002686227
0.3793103448275862,0.3103448275862069,-1.4595687e-05,-0.000112418085,-4.8339367e-05,-0.029176146,0.00023948163
0.3793103448275862,0.3448275862068966,-1.8753111e-05,-0.00011412799,-4.9280003e-05,-0.029174892,0.00021208038
0.3793103448275862,0.3793103448275862,-2.245605e-05,-0.00011554733,-4.943274e-05,-0.029173665,0.00018655721
0.3793103448275862,0.41379310344827586,-2.5704503e-05,-0.00011662394,-4.884228e-05,-0.029172482,0.00016314177
0.3793103448275862,0.4482758620689655,-2.848357e-05,-0.00011735037,-4.759617e-05,-0.02917135,0.00014221885
0.3793103448275862,0.48275862068965514,-3.0823052e-05,-0.00011767447,-4.5711175e-05,-0.029170286,0.0001243816
0.3793103448275862,0.5172413793103449,-3.272295e-05,-0.00011758134,-4.329346e-05,-0.029169299,0.000110483044
0.3793103448275862,0.5517241379310345,-3.4198165e-05,-0.000117037445,-4.0374696e-05,-0.029168397,0.00010158514
0.3793103448275862,0.5862068965517241,-3.5233796e-05,-0.00011600554,-3.7016347e-05,-0.029167581,9.858336e-05
0.3793103448275862,0.6206896551724138,-3.5859644e-05,-0.00011450052,-3.3296645e-05,-0.029166872,0.000101636586
0.3793103448275862,0.6551724137931034,-3.606826e-05,-0.00011243671,-2.9243529e-05,-0.029166266,0.00011003804
0.3793103448275862,0.6896551724137931,-3.5889447e-05,-0.00010982901,-2.496317e-05,-0.029165788,0.00012256565
0.3793103448275862,0.7241379310344828,-3.53083e-05,-0.000106643885,-2.0485371e-05,-0.02916544,0.00013805494
0.3793103448275862,0.7586206896551724,-3.4324825e-05,-0.000102847815,-1.5847385e-05,-0.029165193,0.0001556493
0.3793103448275862,0.7931034482758621,-3.296882e-05,-9.846315e-05,-1.1162832e-05,-0.029165119,0.00017476302
0.3793103448275862,0.8275862068965517,-3.1262636e-05,-9.3419105e-05,-6.420538e-06,-0.029165186,0.00019502922
0.3793103448275862,0.8620689655172413,-2.925098e-05,-8.772686e-05,-1.7136335e-06,-0.029165382,0.0002162266
0.3793103448275862,0.896551724137931,-2.6874244e-05,-8.133799e-05,2.8796494e-06,-0.029165728,0.00023819745
0.3793103448275862,0.9310344827586207,-2.4184585e-05,-7.4286014e-05,7.3667616e-06,-0.029166235,0.00026086683
0.3793103448275862,0.9655172413793103,-2.11671e-05,-6.649643e-05,1.1680648e-05,-0.02916688,0.000284158
0.3793103448275862,1.0,-1.7873943e-05,-5.7999045e-05,1.5737489e-05,-0.029167686,0.00030803238
0.41379310344827586,0.0,4.30122e-05,-8.6616725e-05,8.121133e-07,-0.029189287,0.00056233647
0.41379310344827586,0.034482758620689655,3.453344e-05,-8.957833e-05,-9.199604e-06,-0.02918819,0.0005222015
0.41379310344827586,0.06896551724137931,2.6538968e-05,-9.2580914e-05,-1.7959625e-05,-0.029187044,0.00048359734
0.41379310344827586,0.10344827586206896,1.9036233e-05,-9.5531344e-05,-2.5572255e-05,-0.029185832,0.00044654525
0.41379310344827586,0.13793103448275862,1.1987984e-05,-9.843707e-05,-3.2028183e-05,-0.029184597,0.00041103113
0.41379310344827586,0.1724137931034483,5.416572e-06,-0.000101234764,-3.742054e-05,-0.02918331,0.0003770674
0.41379310344827586,0.20689655172413793,-6.854534e-07,-0.00010391325,-4.177168e-05,-0.029182034,0.00034463167
0.41379310344827586,0.24137931034482757,-6.3329935e-06,-0.00010642037,-4.514493e-05,-0.02918071,0.0003137309
0.41379310344827586,0.27586206896551724,-1.1533499e-05,-0.000108756125,-4.7590584e-05,-0.029179389,0.00028437254
0.41379310344827586,0.3103448275862069,-1.629442e-05,-0.00011084229,-4.9183145e-05,-0.029178064,0.00025654887
0.41379310344827586,0.3448275862068966,-2.0593405e-05,-0.00011269003,-4.9944967e-05,-0.029176764,0.00023030896
0.41379310344827586,0.3793103448275862,-2.4482608e-05,-0.00011423603,-4.998967e-05,-0.029175498,0.00020570724
0.41379310344827586,0.41379310344827586,-2.7917325e-05,-0.00011546165,-4.930608e-05,-0.02917426,0.00018288655
0.41379310344827586,0.4482758620689655,-3.094971e-05,-0.000116340816,-4.800409e-05,-0.029173084,0.0001620517
0.41379310344827586,0.48275862068965514,-3.3542514e-05,-0.00011685863,-4.6111643e-05,-0.029171962,0.00014355897
0.41379310344827586,0.5172413793103449,-3.5710633e-05,-0.00011697784,-4.371442e-05,-0.029170917,0.00012794523
0.41379310344827586,0.5517241379310345,-3.748387e-05,-0.00011663884,-4.085526e-05,-0.02916996,0.00011595912
0.41379310344827586,0.5862068965517241,-3.8854778e-05,-0.00011586025,-3.7606806e-05,-0.029169094,0.00010843493
0.41379310344827586,0.6206896551724138,-3.9801e-05,-0.00011458248,-3.4021214e-05,-0.029168343,0.00010607986
0.41379310344827586,0.6551724137931034,-4.0374696e-05,-0.00011279434,-3.0143186e-05,-0.02916769,0.000109069624
0.41379310344827586,0.6896551724137931,-4.054606e-05,-0.00011049956,-2.6065856e-05,-0.029167172,0.00011694744
0.41379310344827586,0.7241379310344828,-4.0352345e-05,-0.00010763854,-2.1817163e-05,-0.02916678,0.00012881457
0.41379310344827586,0.7586206896551724,-3.9815903e-05,-0.000104192644,-1.7462298e-05,-0.02916654,0.00014375965
0.41379310344827586,0.7931034482758621,-3.889948e-05,-0.00010014698,-1.3059005e-05,-0.029166419,0.00016101227
0.41379310344827586,0.8275862068965517,-3.7625432e-05,-9.5490366e-05,-8.676201e-06,-0.029166441,0.00018003705
0.41379310344827586,0.8620689655172413,-3.603846e-05,-9.018928e-05,-4.3436885e-06,-0.02916663,0.00020045543
0.41379310344827586,0.896551724137931,-3.4101307e-05,-8.422509e-05,-1.0244548e-07,-0.029166952,0.00022200763
0.41379310344827586,0.9310344827586207,-3.1873584e-05,-7.7582896e-05,3.9506704e-06,-0.029167447,0.00024453434
0.41379310344827586,0.9655172413793103,-2.9325485e-05,-7.027015e-05,7.83056e-06,-0.029168077,0.0002679046
0.41379310344827586,1.0,-2.6486814e-05,-6.22198e-05,1.1438504e-05,-0.029168861,0.00029202623
0.4482758620689655,0.0,4.1037798e-05,-8.3554536e-05,-3.1106174e-06,-0.029190801,0.0005648829
0.4482758620689655,0.034482758620689655,3.2678246e-05,-8.657575e-05,-1.2606382e-05,-0.029189827,0.00052645674
0.4482758620689655,0.06896551724137931,2.4825335e-05,-8.9623034e-05,-2.0911917e-05,-0.02918877,0.0004895811
0.4482758620689655,0.10344827586206896,1.7412007e-05,-9.265542e-05,-2.8055161e-05,-0.029187657,0.0004542251
0.4482758620689655,0.13793103448275862,1.0408461e-05,-9.56282e-05,-3.4140423e-05,-0.029186446,0.0004203892
0.4482758620689655,0.1724137931034483,3.8668513e-06,-9.851158e-05,-3.9154664e-05,-0.029185226,0.0003880633
0.4482758620689655,0.20689655172413793,-2.2426248e-06,-0.00010126829,-4.319474e-05,-0.029183932,0.00035720872
0.4482758620689655,0.24137931034482757,-7.927418e-06,-0.00010389462,-4.6301633e-05,-0.029182622,0.00032782592
0.4482758620689655,0.27586206896551724,-1.3224781e-05,-0.00010632351,-4.851073e-05,-0.029181276,0.00029986995
0.4482758620689655,0.3103448275862069,-1.8052757e-05,-0.00010854006,-4.987791e-05,-0.029179946,0.00027333797
0.4482758620689655,0.3448275862068966,-2.2478402e-05,-0.00011051819,-5.050935e-05,-0.02917863,0.00024823306
0.4482758620689655,0.3793103448275862,-2.6546419e-05,-0.000112228096,-5.0414354e-05,-0.029177321,0.0002245559
0.4482758620689655,0.41379310344827586,-3.014505e-05,-0.00011363253,-4.9654394e-05,-0.02917606,0.00020239013
0.4482758620689655,0.4482758620689655,-3.33637e-05,-0.00011469796,-4.8302114e-05,-0.029174846,0.00018182622
0.4482758620689655,0.48275862068965514,-3.620237e-05,-0.00011538714,-4.6428293e-05,-0.029173683,0.0001630981
0.4482758620689655,0.5172413793103449,-3.863871e-05,-0.000115741044,-4.4070184e-05,-0.029172596,0.00014652841
0.4482758620689655,0.5517241379310345,-4.065782e-05,-0.00011564046,-4.1268766e-05,-0.029171593,0.00013261815
0.4482758620689655,0.5862068965517241,-4.232675e-05,-0.00011510402,-3.8148835e-05,-0.029170707,0.00012202662
0.4482758620689655,0.6206896551724138,-4.36157e-05,-0.00011410564,-3.4699216e-05,-0.029169912,0.00011549881
0.4482758620689655,0.6551724137931034,-4.450977e-05,-0.00011263415,-3.1014904e-05,-0.029169222,0.00011365892
0.4482758620689655,0.6896551724137931,-4.505366e-05,-0.000110622495,-2.7149916e-05,-0.029168684,0.00011671167
0.4482758620689655,0.7241379310344828,-4.5202672e-05,-0.0001081042,-2.3141503e-05,-0.029168285,0.00012437893
0.4482758620689655,0.7586206896551724,-4.503876e-05,-0.00010501221,-1.9073486e-05,-0.029167991,0.00013597622
0.4482758620689655,0.7931034482758621,-4.453957e-05,-0.000101327896,-1.4996156e-05,-0.029167868,0.00015074835
0.4482758620689655,0.8275862068965517,-4.3690205e-05,-9.7073615e-05,-1.0926276e-05,-0.02916789,0.00016801682
0.4482758620689655,0.8620689655172413,-4.2505562e-05,-9.219721e-05,-6.9532543e-06,-0.029168062,0.00018723865
0.4482758620689655,0.896551724137931,-4.0985644e-05,-8.66577e-05,-3.0975789e-06,-0.029168382,0.00020804814
0.4482758620689655,0.9310344827586207,-3.9190054e-05,-8.04849e-05,5.4202974e-07,-0.029168867,0.00023015276
0.4482758620689655,0.9655172413793103,-3.709644e-05,-7.3604286e-05,3.9488077e-06,-0.029169496,0.00025336622
0.4482758620689655,1.0,-3.4727156e-05,-6.60643e-05,7.1004033e-06,-0.029170262,0.00027753628
0.48275862068965514,0.0,3.8824975e-05,-7.9609454e-05,-6.845221e-06,-0.029192146,0.00056713884
0.48275862068965514,0.034482758620689655,3.068894e-05,-8.2708895e-05,-1.5811995e-05,-0.029191285,0.000530462
0.48275862068965514,0.06896551724137931,2.296269e-05,-8.5849315e-05,-2.3651868e-05,-0.029190345,0.00049531215
0.48275862068965514,0.10344827586206896,1.5638769e-05,-8.8941306e-05,-3.0390918e-05,-0.0291893,0.00046165515
0.48275862068965514,0.13793103448275862,8.72463e-06,-9.201467e-05,-3.6055222e-05,-0.029188175,0.00042948517
0.48275862068965514,0.1724137931034483,2.2277236e-06,-9.500235e-05,-4.0711835e-05,-0.02918699,0.000398768
0.48275862068965514,0.20689655172413793,-3.8594007e-06,-9.78671e-05,-4.4450164e-05,-0.029185737,0.0003694708
0.48275862068965514,0.24137931034482757,-9.573996e-06,-0.000100601465,-4.7283247e-05,-0.029184425,0.00034154978
0.48275862068965514,0.27586206896551724,-1.4893711e-05,-0.00010318309,-4.9259514e-05,-0.029183106,0.00031495912
0.48275862068965514,0.3103448275862069,-1.9825995e-05,-0.00010553002,-5.045533e-05,-0.029181767,0.00028966746
0.48275862068965514,0.3448275862068966,-2.4355948e-05,-0.00010766089,-5.093962e-05,-0.029180434,0.00026563142
0.48275862068965514,0.3793103448275862,-2.8535724e-05,-0.000109530985,-5.072169e-05,-0.02917911,0.00024285563
0.48275862068965514,0.41379310344827586,-3.2290816e-05,-0.00011111796,-4.9902126e-05,-0.029177805,0.00022134297
0.48275862068965514,0.4482758620689655,-3.5710633e-05,-0.00011238828,-4.8527494e-05,-0.029176567,0.00020114702
0.48275862068965514,0.48275862068965514,-3.875047e-05,-0.000113327056,-4.6646222e-05,-0.029175388,0.00018238991
0.48275862068965514,0.5172413793103449,-4.1387975e-05,-0.00011386722,-4.4329092e-05,-0.029174268,0.00016528388
0.48275862068965514,0.5517241379310345,-4.3682754e-05,-0.000114031136,-4.165061e-05,-0.029173246,0.00015017403
0.48275862068965514,0.5862068965517241,-4.5605004e-05,-0.00011378527,-3.8633123e-05,-0.029172312,0.00013753727
0.48275862068965514,0.6206896551724138,-4.7191978e-05,-0.000113066286,-3.5351142e-05,-0.029171513,0.00012800665
0.48275862068965514,0.6551724137931034,-4.8421323e-05,-0.00011190027,-3.1851232e-05,-0.029170828,0.00012230218
0.48275862068965514,0.6896551724137931,-4.928559e-05,-0.00011023879,-2.8176233e-05,-0.029170256,0.000121004836
0.48275862068965514,0.7241379310344828,-4.978478e-05,-0.00010807067,-2.4458393e-05,-0.029169822,0.00012435981
0.48275862068965514,0.7586206896551724,-4.9956143e-05,-0.00010533258,-2.0666048e-05,-0.02916953,0.00013217943
0.48275862068965514,0.7931034482758621,-4.9836934e-05,-0.00010205433,-1.6877428e-05,-0.029169403,0.00014391843
0.48275862068965514,0.8275862068965517,-4.9367547e-05,-9.82061e-05,-1.3168901e-05,-0.029169425,0.00015888686
0.48275862068965514,0.8620689655172413,-4.8577785e-05,-9.373948e-05,-9.551644e-06,-0.0291696,0.00017647317
0.48275862068965514,0.896551724137931,-4.7504902e-05,-8.865073e-05,-6.103888e-06,-0.029169934,0.00019615388
0.48275862068965514,0.9310344827586207,-4.6111643e-05,-8.2947314e-05,-2.8740615e-06,-0.029170413,0.00021754963
0.48275862068965514,0.9655172413793103,-4.4435263e-05,-7.657334e-05,1.13621354e-07,-0.02917105,0.00024033754
0.48275862068965514,1.0,-4.249811e-05,-6.952882e-05,2.792105e-06,-0.029171832,0.0002643222
0.5172413793103449,0.0,3.6485493e-05,-7.4800104e-05,-1.030229e-05,-0.029193245,0.00056911673
0.5172413793103449,0.034482758620689655,2.8572977e-05,-7.800013e-05,-1.8768013e-05,-0.02919255,0.0005341868
0.5172413793103449,0.06896551724137931,2.1003187e-05,-8.122623e-05,-2.614595e-05,-0.029191721,0.000500754
0.5172413793103449,0.10344827586206896,1.3783574e-05,-8.443743e-05,-3.2458454e-05,-0.02919077,0.00046880075
0.5172413793103449,0.13793103448275862,6.996095e-06,-8.76151e-05,-3.7763268e-05,-0.02918971,0.00043827566
0.5172413793103449,0.1724137931034483,5.438924e-07,-9.0721995e-05,-4.2086467e-05,-0.029188592,0.00040913612
0.5172413793103449,0.20689655172413793,-5.528331e-06,-9.3728304e-05,-4.5521185e-05,-0.029187363,0.00038133955
0.5172413793103449,0.24137931034482757,-1.1198223e-05,-9.6574426e-05,-4.8082322e-05,-0.029186081,0.00035482284
0.5172413793103449,0.27586206896551724,-1.6540289e-05,-9.929016e-05,-4.985556e-05,-0.029184774,0.00032953502
0.5172413793103449,0.3103448275862069,-2.156198e-05,-0.00010180846,-5.0874427e-05,-0.02918343,0.00030541237
0.5172413793103449,0.3448275862068966,-2.6151538e-05,-0.000104129314,-5.121343e-05,-0.0291821,0.0002824032
0.5172413793103449,0.3793103448275862,-3.0398369e-05,-0.00010616705,-5.090423e-05,-0.029180769,0.000260471
0.5172413793103449,0.41379310344827586,-3.4332275e-05,-0.00010796264,-5.0019473e-05,-0.029179452,0.00023959923
0.5172413793103449,0.4482758620689655,-3.7908554e-05,-0.000109445304,-4.8639253e-05,-0.029178187,0.00021979467
0.5172413793103449,0.48275862068965514,-4.1119754e-05,-0.000110622495,-4.678406e-05,-0.029176984,0.00020112909
0.5172413793103449,0.5172413793103449,-4.3980777e-05,-0.00011141226,-4.450977e-05,-0.029175853,0.00018373439
0.5172413793103449,0.5517241379310345,-4.6499074e-05,-0.000111848116,-4.1896477e-05,-0.029174827,0.00016784566
0.5172413793103449,0.5862068965517241,-4.8674643e-05,-0.00011187047,-3.9009377e-05,-0.029173888,0.00015382691
0.5172413793103449,0.6206896551724138,-5.0507486e-05,-0.00011147931,-3.589131e-05,-0.029173061,0.0001421782
0.5172413793103449,0.6551724137931034,-5.2042305e-05,-0.00011063367,-3.2600015e-05,-0.029172355,0.00013354381
0.5172413793103449,0.6896551724137931,-5.3189695e-05,-0.000109333545,-2.9172748e-05,-0.029171804,0.00012863777
0.5172413793103449,0.7241379310344828,-5.401671e-05,-0.000107523054,-2.5680289e-05,-0.029171364,0.0001280236
0.5172413793103449,0.7586206896551724,-5.453825e-05,-0.00010517612,-2.2193417e-05,-0.029171083,0.0001319551
0.5172413793103449,0.7931034482758621,-5.4746866e-05,-0.0001023151,-1.8728897e-05,-0.02917096,0.00014027952
0.5172413793103449,0.8275862068965517,-5.465001e-05,-9.8884106e-05,-1.5359372e-05,-0.029170977,0.00015249738
0.5172413793103449,0.8620689655172413,-5.426258e-05,-9.486452e-05,-1.2131408e-05,-0.029171169,0.00016799346
0.5172413793103449,0.896551724137931,-5.353242e-05,-9.025633e-05,-9.061769e-06,-0.029171497,0.00018616159
0.5172413793103449,0.9310344827586207,-5.2578747e-05,-8.5033476e-05,-6.2547624e-06,-0.029171998,0.00020649735
0.5172413793103449,0.9655172413793103,-5.1297247e-05,-7.915869e-05,-3.727153e-06,-0.029172655,0.00022860036
0.5172413793103449,1.0,-4.976988e-05,-7.2624534e-05,-1.4826655e-06,-0.029173443,0.00025216473
0.5517241379310345,0.0,3.4093857e-05,-6.914511e-05,-1.3530254e-05,-0.029194122,0.0005708231
0.5517241379310345,0.034482758620689655,2.6360154e-05,-7.247552e-05,-2.151914e-05,-0.029193573,0.0005376471
0.5517241379310345,0.06896551724137931,1.8976629e-05,-7.581711e-05,-2.8440729e-05,-0.029192848,0.0005059198
0.5517241379310345,0.10344827586206896,1.193583e-05,-7.914752e-05,-3.4334138e-05,-0.029192016,0.0004756272
0.5517241379310345,0.13793103448275862,5.26011e-06,-8.245185e-05,-3.9232895e-05,-0.02919103,0.0004467153
0.5517241379310345,0.1724137931034483,-1.0877848e-06,-8.5674226e-05,-4.3248758e-05,-0.029189946,0.0004191071
0.5517241379310345,0.20689655172413793,-7.107854e-06,-8.88221e-05,-4.6379864e-05,-0.02918878,0.00039276222
0.5517241379310345,0.24137931034482757,-1.2792647e-05,-9.185076e-05,-4.8702583e-05,-0.029187549,0.00036760478
0.5517241379310345,0.27586206896551724,-1.8112361e-05,-9.471178e-05,-5.0252303e-05,-0.02918624,0.0003435447
0.5517241379310345,0.3103448275862069,-2.3141503e-05,-9.7412616e-05,-5.111471e-05,-0.029184923,0.0003205281
0.5517241379310345,0.3448275862068966,-2.7798116e-05,-9.990856e-05,-5.1308423e-05,-0.029183581,0.00029848012
0.5517241379310345,0.3793103448275862,-3.2149255e-05,-0.000102158636,-5.093217e-05,-0.029182248,0.00027734533
0.5517241379310345,0.41379310344827586,-3.619492e-05,-0.00010417029,-5.0012022e-05,-0.029180938,0.00025708656
0.5517241379310345,0.4482758620689655,-3.989041e-05,-0.0001058802,-4.859455e-05,-0.029179666,0.0002376818
0.5517241379310345,0.48275862068965514,-4.3272972e-05,-0.000107284635,-4.6761706e-05,-0.02917846,0.0002191682
0.5517241379310345,0.5172413793103449,-4.630536e-05,-0.000108383596,-4.4569373e-05,-0.029177321,0.00020164002
0.5517241379310345,0.5517241379310345,-4.903227e-05,-0.00010910258,-4.2058527e-05,-0.029176282,0.00018524425
0.5517241379310345,0.5862068965517241,-5.1431358e-05,-0.00010944903,-3.9283186e-05,-0.029175345,0.0001702586
0.5517241379310345,0.6206896551724138,-5.352497e-05,-0.00010936335,-3.6345795e-05,-0.02917452,0.00015707896
0.5517241379310345,0.6551724137931034,-5.5283308e-05,-0.00010886043,-3.325194e-05,-0.029173816,0.00014626543
0.5517241379310345,0.6896551724137931,-5.6773424e-05,-0.000107910484,-3.0076131e-05,-0.029173242,0.00013847966
0.5517241379310345,0.7241379310344828,-5.788356e-05,-0.00010647997,-2.6848167e-05,-0.029172817,0.00013443887
0.5517241379310345,0.7586206896551724,-5.8725476e-05,-0.00010455772,-2.3625791e-05,-0.029172553,0.00013469071
0.5517241379310345,0.7931034482758621,-5.926937e-05,-0.000102095306,-2.049841e-05,-0.029172456,0.0001394758
0.5517241379310345,0.8275862068965517,-5.9515238e-05,-9.910017e-05,-1.745671e-05,-0.02917248,0.00014860973
0.5517241379310345,0.8620689655172413,-5.9455633e-05,-9.556487e-05,-1.4610589e-05,-0.02917269,0.00016160865
0.5517241379310345,0.896551724137931,-5.9112906e-05,-9.1440976e-05,-1.1961907e-05,-0.029173043,0.00017787384
0.5517241379310345,0.9310344827586207,-5.851686e-05,-8.6687505e-05,-9.5665455e-06,-0.029173559,0.00019681777
0.5517241379310345,0.9655172413793103,-5.7645142e-05,-8.133426e-05,-7.4561685e-06,-0.029174225,0.00021793666
0.5517241379310345,1.0,-5.6520104e-05,-7.53589e-05,-5.6978315e-06,-0.029175032,0.00024083273
0.5862068965517241,0.0,3.169477e-05,-6.268546e-05,-1.6506761e-05,-0.029194722,0.00057227747
0.5862068965517241,0.034482758620689655,2.4177134e-05,-6.613508e-05,-2.3977831e-05,-0.029194303,0.0005408356
0.5862068965517241,0.06896551724137931,1.7002225e-05,-6.960705e-05,-3.0461699e-05,-0.029193712,0.00051080866
0.5862068965517241,0.10344827586206896,1.0155141e-05,-7.3090196e-05,-3.5956502e-05,-0.029192971,0.00048215745
0.5862068965517241,0.13793103448275862,3.5911798e-06,-7.653609e-05,-4.050322e-05,-0.029192088,0.00045480434
0.5862068965517241,0.1724137931034483,-2.6524067e-06,-7.991493e-05,-4.4176355e-05,-0.029191075,0.00042869188
0.5862068965517241,0.20689655172413793,-8.583069e-06,-8.3230436e-05,-4.7022477e-05,-0.029189955,0.00040374039
0.5862068965517241,0.24137931034482757,-1.4215708e-05,-8.641556e-05,-4.90956e-05,-0.029188761,0.00037986555
0.5862068965517241,0.27586206896551724,-1.9535422e-05,-8.947775e-05,-5.047396e-05,-0.029187486,0.00035698086
0.5862068965517241,0.3103448275862069,-2.4557114e-05,-9.236485e-05,-5.1153824e-05,-0.029186184,0.0003350046
0.5862068965517241,0.3448275862068966,-2.9280782e-05,-9.505078e-05,-5.1239505e-05,-0.029184844,0.000313858
0.5862068965517241,0.3793103448275862,-3.3698976e-05,-9.754673e-05,-5.077198e-05,-0.029183514,0.00029347552
0.5862068965517241,0.41379310344827586,-3.7819147e-05,-9.977445e-05,-4.9801543e-05,-0.029182222,0.0002737887
0.5862068965517241,0.4482758620689655,-4.1618943e-05,-0.00010173395,-4.838407e-05,-0.02918095,0.00025478756
0.5862068965517241,0.48275862068965514,-4.5120716e-05,-0.00010342896,-4.660152e-05,-0.029179735,0.00023646474
0.5862068965517241,0.5172413793103449,-4.8324466e-05,-0.000104784966,-4.448369e-05,-0.029178604,0.00021888826
0.5862068965517241,0.5517241379310345,-5.1237643e-05,-0.000105820596,-4.207529e-05,-0.029177554,0.00020215435
0.5862068965517241,0.5862068965517241,-5.3845346e-05,-0.00010647625,-3.9443374e-05,-0.029176608,0.00018648268
0.5862068965517241,0.6206896551724138,-5.6140125e-05,-0.00010672584,-3.667362e-05,-0.029175777,0.00017218632
0.5862068965517241,0.6551724137931034,-5.8196485e-05,-0.00010659173,-3.3797696e-05,-0.029175095,0.00015971373
0.5862068965517241,0.6896551724137931,-5.9902668e-05,-0.000106010586,-3.0845404e-05,-0.029174536,0.00014967071
0.5862068965517241,0.7241379310344828,-6.132573e-05,-0.000104974955,-2.7889386e-05,-0.029174132,0.0001427733
0.5862068965517241,0.7586206896551724,-6.245822e-05,-0.00010347739,-2.4985522e-05,-0.029173877,0.00013972365
0.5862068965517241,0.7931034482758621,-6.327778e-05,-0.00010145083,-2.2172928e-05,-0.029173797,0.00014104838
0.5862068965517241,0.8275862068965517,-6.389618e-05,-9.8925084e-05,-1.9494444e-05,-0.029173847,0.00014691592
0.5862068965517241,0.8620689655172413,-6.41495e-05,-9.5847994e-05,-1.7004088e-05,-0.029174073,0.00015709635
0.5862068965517241,0.896551724137931,-6.41644e-05,-9.2200935e-05,-1.4761463e-05,-0.029174449,0.00017109614
0.5862068965517241,0.9310344827586207,-6.391853e-05,-8.7976456e-05,-1.2787059e-05,-0.02917501,0.00018830434
0.5862068965517241,0.9655172413793103,-6.340444e-05,-8.314848e-05,-1.11255795e-05,-0.029175695,0.00020814814
0.5862068965517241,1.0,-6.266683e-05,-7.769838e-05,-9.810552e-06,-0.029176533,0.00023012568
0.6206896551724138,0.0,2.9318035e-05,-5.5398792e-05,-1.9172207e-05,-0.029194996,0.00057351496
0.6206896551724138,0.034482758620689655,2.206862e-05,-5.90086e-05,-2.6175752e-05,-0.029194744,0.000543799
0.6206896551724138,0.06896551724137931,1.5109777e-05,-6.264076e-05,-3.219582e-05,-0.02919429,0.00051544356
0.6206896551724138,0.10344827586206896,8.434057e-06,-6.628409e-05,-3.7284568e-05,-0.029193662,0.0004883921
0.6206896551724138,0.13793103448275862,2.0191073e-06,-6.989017e-05,-4.1494146e-05,-0.029192857,0.00046256816
0.6206896551724138,0.1724137931034483,-4.082918e-06,-7.344782e-05,-4.4839457e-05,-0.029191906,0.000437884
0.6206896551724138,0.20689655172413793,-9.9390745e-06,-7.6942146e-05,-4.7428533e-05,-0.029190859,0.00041426616
0.6206896551724138,0.24137931034482757,-1.5482306e-05,-8.030608e-05,-4.9289316e-05,-0.0291897,0.00039162557
0.6206896551724138,0.27586206896551724,-2.0772219e-05,-8.356199e-05,-5.0434843e-05,-0.029188458,0.00036984976
0.6206896551724138,0.3103448275862069,-2.5756657e-05,-8.666143e-05,-5.09955e-05,-0.029187176,0.00034885894
0.6206896551724138,0.3448275862068966,-3.0517578e-05,-8.957088e-05,-5.0952658e-05,-0.029185861,0.00032856324
0.6206896551724138,0.3793103448275862,-3.4965575e-05,-9.229034e-05,-5.041808e-05,-0.029184543,0.0003088778
0.6206896551724138,0.41379310344827586,-3.914535e-05,-9.4778836e-05,-4.94197e-05,-0.029183239,0.0002897541
0.6206896551724138,0.4482758620689655,-4.3049455e-05,-9.7017735e-05,-4.8020855e-05,-0.029181985,0.00027114342
0.6206896551724138,0.48275862068965514,-4.6662986e-05,-9.897351e-05,-4.627928e-05,-0.029180758,0.0002530371
0.6206896551724138,0.5172413793103449,-5.003065e-05,-0.00010064617,-4.4204295e-05,-0.029179633,0.00023545952
0.6206896551724138,0.5517241379310345,-5.3070486e-05,-0.0001019761,-4.1943043e-05,-0.029178604,0.00021851117
0.6206896551724138,0.5862068965517241,-5.5857003e-05,-0.000102967024,-3.9473176e-05,-0.02917765,0.00020233344
0.6206896551724138,0.6206896551724138,-5.838275e-05,-0.00010360405,-3.6880374e-05,-0.029176846,0.00018718698
0.6206896551724138,0.6551724137931034,-6.0647726e-05,-0.00010383502,-3.4203753e-05,-0.029176164,0.00017344652
0.6206896551724138,0.6896551724137931,-6.259978e-05,-0.0001036413,-3.148988e-05,-0.029175624,0.00016161909
0.6206896551724138,0.7241379310344828,-6.426871e-05,-0.00010301173,-2.8820708e-05,-0.029175214,0.00015237767
0.6206896551724138,0.7586206896551724,-6.567687e-05,-0.00010192022,-2.621673e-05,-0.029174995,0.00014644838
0.6206896551724138,0.7931034482758621,-6.683171e-05,-0.00010036677,-2.37301e-05,-0.029174915,0.00014454986
0.6206896551724138,0.8275862068965517,-6.7695975e-05,-9.829551e-05,-2.1398067e-05,-0.029175004,0.00014712811
0.6206896551724138,0.8620689655172413,-6.830692e-05,-9.569898e-05,-1.9298866e-05,-0.029175257,0.00015427574
0.6206896551724138,0.896551724137931,-6.863475e-05,-9.255111e-05,-1.7447397e-05,-0.029175658,0.0001656803
0.6206896551724138,0.9310344827586207,-6.875396e-05,-8.88519e-05,-1.587905e-05,-0.02917624,0.00018080942
0.6206896551724138,0.9655172413793103,-6.8590045e-05,-8.4582716e-05,-1.466088e-05,-0.029176975,0.00019906602
0.6206896551724138,1.0,-6.8202615e-05,-7.970631e-05,-1.3813376e-05,-0.029177835,0.0002198605
0.6551724137931034,0.0,2.708286e-05,-4.7344714e-05,-2.1539629e-05,-0.029194968,0.00057459495
0.6551724137931034,0.034482758620689655,2.0086765e-05,-5.112216e-05,-2.8077513e-05,-0.02919487,0.0005465746
0.6551724137931034,0.06896551724137931,1.335144e-05,-5.4959208e-05,-3.3669174e-05,-0.029194547,0.00051985984
0.6551724137931034,0.10344827586206896,6.891787e-06,-5.8732927e-05,-3.8374215e-05,-0.02919401,0.0004943646
0.6551724137931034,0.13793103448275862,6.7055225e-07,-6.25439e-05,-4.2220578e-05,-0.029193316,0.00047001947
0.6551724137931034,0.1724137931034483,-5.3197145e-06,-6.629154e-05,-4.528649e-05,-0.029192442,0.0004467292
0.6551724137931034,0.20689655172413793,-1.1026859e-05,-6.996468e-05,-4.759431e-05,-0.029191433,0.00042439645
0.6551724137931034,0.24137931034482757,-1.6510487e-05,-7.355213e-05,-4.919991e-05,-0.029190311,0.00040291552
0.6551724137931034,0.27586206896551724,-2.1763146e-05,-7.7012926e-05,-5.01927e-05,-0.029189121,0.00038219252
0.6551724137931034,0.3103448275862069,-2.6732683e-05,-8.0328435e-05,-5.0598755e-05,-0.029187853,0.00036213134
0.6551724137931034,0.3448275862068966,-3.145635e-05,-8.349866e-05,-5.0464645e-05,-0.029186565,0.00034263844
0.6551724137931034,0.3793103448275862,-3.59416e-05,-8.6475164e-05,-4.9866736e-05,-0.029185267,0.00032362292
0.6551724137931034,0.41379310344827586,-4.014373e-05,-8.922815e-05,-4.8836693e-05,-0.029183963,0.0003050243
0.6551724137931034,0.4482758620689655,-4.412979e-05,-9.173155e-05,-4.7456473e-05,-0.029182713,0.00028679857
0.6551724137931034,0.48275862068965514,-4.7840178e-05,-9.3996525e-05,-4.5754015e-05,-0.029181493,0.00026891512
0.6551724137931034,0.5172413793103449,-5.131215e-05,-9.59672e-05,-4.3788925e-05,-0.029180378,0.00025140293
0.6551724137931034,0.5517241379310345,-5.4493546e-05,-9.763241e-05,-4.1635707e-05,-0.029179335,0.00023430417
0.6551724137931034,0.5862068965517241,-5.748868e-05,-9.898469e-05,-3.93074e-05,-0.029178416,0.00021775812
0.6551724137931034,0.6206896551724138,-6.017834e-05,-9.9968165e-05,-3.6899e-05,-0.029177606,0.00020196578
0.6551724137931034,0.6551724137931034,-6.259978e-05,-0.00010056421,-3.4445897e-05,-0.029176928,0.0001872208
0.6551724137931034,0.6896551724137931,-6.477535e-05,-0.00010077655,-3.200583e-05,-0.0291764,0.00017397842
0.6551724137931034,0.7241379310344828,-6.671995e-05,-0.000100601465,-2.9584393e-05,-0.029176027,0.00016280214
0.6551724137931034,0.7586206896551724,-6.838888e-05,-9.993091e-05,-2.7289614e-05,-0.029175818,0.00015440749
0.6551724137931034,0.7931034482758621,-6.979704e-05,-9.884685e-05,-2.5138259e-05,-0.029175777,0.00014957284
0.6551724137931034,0.8275862068965517,-7.093698e-05,-9.725243e-05,-2.3178756e-05,-0.029175878,0.000148969
0.6551724137931034,0.8620689655172413,-7.187575e-05,-9.5151365e-05,-2.1450222e-05,-0.029176164,0.00015294563
0.6551724137931034,0.896551724137931,-7.252395e-05,-9.254366e-05,-1.9973144e-05,-0.029176615,0.00016149915
0.6551724137931034,0.9310344827586207,-7.2956085e-05,-8.9369714e-05,-1.8833205e-05,-0.029177228,0.00017424166
0.6551724137931034,0.9655172413793103,-7.311255e-05,-8.563697e-05,-1.8067658e-05,-0.029177967,0.00019059
0.6551724137931034,1.0,-7.303059e-05,-8.133426e-05,-1.7659739e-05,-0.029178878,0.00020992823
0.6896551724137931,0.0,2.4966896e-05,-3.8534403e-05,-2.363883e-05,-0.029194584,0.000575555
0.6896551724137931,0.034482758620689655,1.8239021e-05,-4.2509288e-05,-2.968125e-05,-0.029194653,0.00054920814
0.6896551724137931,0.06896551724137931,1.1794269e-05,-4.6499074e-05,-3.4837052e-05,-0.029194452,0.0005240907
0.6896551724137931,0.10344827586206896,5.52088e-06,-5.051121e-05,-3.9171427e-05,-0.029194035,0.0005001288
0.6896551724137931,0.13793103448275862,-5.1409006e-07,-5.448982e-05,-4.2684376e-05,-0.02919343,0.00047722034
0.6896551724137931,0.1724137931034483,-6.3106418e-06,-5.847588e-05,-4.5422465e-05,-0.029192625,0.00045525952
0.6896551724137931,0.20689655172413793,-1.1906028e-05,-6.236136e-05,-4.74751e-05,-0.029191673,0.00043415054
0.6896551724137931,0.24137931034482757,-1.7262995e-05,-6.616488e-05,-4.8892573e-05,-0.029190606,0.00041379093
0.6896551724137931,0.27586206896551724,-2.2396445e-05,-6.9864094e-05,-4.972145e-05,-0.029189447,0.00039407122
0.6896551724137931,0.3103448275862069,-2.7321279e-05,-7.3414296e-05,-4.9956143e-05,-0.02918822,0.00037488903
0.6896551724137931,0.3448275862068966,-3.2037497e-05,-7.683784e-05,-4.97438e-05,-0.029186925,0.00035616077
0.6896551724137931,0.3793103448275862,-3.6522746e-05,-8.006394e-05,-4.9078837e-05,-0.029185636,0.00033778095
0.6896551724137931,0.41379310344827586,-4.0754676e-05,-8.3096325e-05,-4.8056245e-05,-0.02918435,0.00031968966
0.6896551724137931,0.4482758620689655,-4.478544e-05,-8.590892e-05,-4.6668574e-05,-0.029183112,0.00030184345
0.6896551724137931,0.48275862068965514,-4.8592687e-05,-8.8475645e-05,-4.503317e-05,-0.02918189,0.0002841994
0.6896551724137931,0.5172413793103449,-5.2139163e-05,-9.078905e-05,-4.3157488e-05,-0.029180773,0.00026677002
0.6896551724137931,0.5517241379310345,-5.5484474e-05,-9.278953e-05,-4.112348e-05,-0.029179743,0.00024960257
0.6896551724137931,0.5862068965517241,-5.8583915e-05,-9.4495714e-05,-3.899075e-05,-0.029178826,0.00023278249
0.6896551724137931,0.6206896551724138,-6.143004e-05,-9.585172e-05,-3.6753714e-05,-0.029178018,0.00021648126
0.6896551724137931,0.6551724137931034,-6.4089894e-05,-9.6865e-05,-3.453903e-05,-0.029177383,0.00020094028
0.6896551724137931,0.6896551724137931,-6.646663e-05,-9.74834e-05,-3.2333657e-05,-0.029176844,0.00018653889
0.6896551724137931,0.7241379310344828,-6.8582594e-05,-9.7729266e-05,-3.0199066e-05,-0.0291765,0.00017376855
0.6896551724137931,0.7586206896551724,-7.048994e-05,-9.7543e-05,-2.8204173e-05,-0.02917631,0.00016328119
0.6896551724137931,0.7931034482758621,-7.215142e-05,-9.69097e-05,-2.637878e-05,-0.029176291,0.00015583658
0.6896551724137931,0.8275862068965517,-7.3589385e-05,-9.580329e-05,-2.4767593e-05,-0.029176416,0.00015221196
0.6896551724137931,0.8620689655172413,-7.477403e-05,-9.422749e-05,-2.3417175e-05,-0.029176727,0.00015301973
0.6896551724137931,0.896551724137931,-7.57426e-05,-9.213388e-05,-2.2368506e-05,-0.029177202,0.00015851617
0.6896551724137931,0.9310344827586207,-7.645041e-05,-8.952618e-05,-2.1640211e-05,-0.029177856,0.00016856038
0.6896551724137931,0.9655172413793103,-7.6942146e-05,-8.633733e-05,-2.1291897e-05,-0.02917863,0.00018268256
0.6896551724137931,1.0,-7.723272e-05,-8.262321e-05,-2.1334738e-05,-0.029179562,0.00020026491
0.7241379310344828,0.0,2.3066998e-05,-2.8979033e-05,-2.5365502e-05,-0.029193865,0.00057647267
0.7241379310344828,0.034482758620689655,1.66744e-05,-3.3162534e-05,-3.0972064e-05,-0.029194081,0.0005517724
0.7241379310344828,0.06896551724137931,1.0445714e-05,-3.7368387e-05,-3.572181e-05,-0.02919401,0.000528225
0.7241379310344828,0.10344827586206896,4.4107437e-06,-4.158914e-05,-3.9661303e-05,-0.0291937,0.0005057412
0.7241379310344828,0.13793103448275862,-1.385808e-06,-4.5817345e-05,-4.282035e-05,-0.029193157,0.00048421547
0.7241379310344828,0.1724137931034483,-7.018447e-06,-4.9985945e-05,-4.5295805e-05,-0.029192446,0.00046354262
0.7241379310344828,0.20689655172413793,-1.2457371e-05,-5.4121017e-05,-4.711561e-05,-0.029191563,0.00044361758
0.7241379310344828,0.24137931034482757,-1.7695129e-05,-5.8159232e-05,-4.8294663e-05,-0.029190524,0.00042432733
0.7241379310344828,0.27586206896551724,-2.2746623e-05,-6.210059e-05,-4.8955902e-05,-0.029189397,0.00040555955
0.7241379310344828,0.3103448275862069,-2.7567148e-05,-6.592274e-05,-4.9082562e-05,-0.029188182,0.0003872226
0.7241379310344828,0.3448275862068966,-3.221631e-05,-6.960705e-05,-4.877895e-05,-0.029186923,0.00036921297
0.7241379310344828,0.3793103448275862,-3.670901e-05,-7.311627e-05,-4.8078597e-05,-0.02918564,0.00035144007
0.7241379310344828,0.41379310344827586,-4.0963292e-05,-7.645041e-05,-4.7000125e-05,-0.029184349,0.00033384556
0.7241379310344828,0.4482758620689655,-4.502386e-05,-7.9553574e-05,-4.5681372e-05,-0.029183112,0.00031636245
0.7241379310344828,0.48275862068965514,-4.887581e-05,-8.2455575e-05,-4.4086948e-05,-0.029181916,0.0002989789
0.7241379310344828,0.5172413793103449,-5.2511692e-05,-8.510426e-05,-4.232675e-05,-0.029180784,0.00028166326
0.7241379310344828,0.5517241379310345,-5.593896e-05,-8.745864e-05,-4.0417537e-05,-0.029179756,0.00026446395
0.7241379310344828,0.5862068965517241,-5.917251e-05,-8.952618e-05,-3.844686e-05,-0.029178835,0.00024745235
0.7241379310344828,0.6206896551724138,-6.2175095e-05,-9.128451e-05,-3.6414713e-05,-0.029178051,0.00023075604
0.7241379310344828,0.6551724137931034,-6.493181e-05,-9.2715025e-05,-3.441237e-05,-0.029177405,0.00021458542
0.7241379310344828,0.6896551724137931,-6.753206e-05,-9.376556e-05,-3.2452866e-05,-0.02917689,0.000199246
0.7241379310344828,0.7241379310344828,-6.9871545e-05,-9.4432384e-05,-3.061071e-05,-0.029176556,0.00018515167
0.7241379310344828,0.7586206896551724,-7.198006e-05,-9.471178e-05,-2.8945506e-05,-0.029176375,0.0001728782
0.7241379310344828,0.7931034482758621,-7.390976e-05,-9.455159e-05,-2.7429312e-05,-0.029176386,0.00016314042
0.7241379310344828,0.8275862068965517,-7.557869e-05,-9.395927e-05,-2.6179478e-05,-0.029176552,0.00015672571
0.7241379310344828,0.8620689655172413,-7.7039e-05,-9.290129e-05,-2.5205314e-05,-0.029176861,0.00015441507
0.7241379310344828,0.896551724137931,-7.826835e-05,-9.133294e-05,-2.4542212e-05,-0.029177392,0.00015674022
0.7241379310344828,0.9310344827586207,-7.928908e-05,-8.9265406e-05,-2.4247915e-05,-0.029178062,0.00016381902
0.7241379310344828,0.9655172413793103,-8.008629e-05,-8.666515e-05,-2.4318695e-05,-0.029178869,0.00017538035
0.7241379310344828,1.0,-8.0645084e-05,-8.352101e-05,-2.4834648e-05,-0.029179852,0.00019087923
0.7586206896551724,0.0,2.1450222e-05,-1.8715858e-05,-2.6796013e-05,-0.029192789,0.0005774043
0.7586206896551724,0.034482758620689655,1.5325844e-05,-2.3126602e-05,-3.193319e-05,-0.029193148,0.00055431685
0.7586206896551724,0.06896551724137931,9.380281e-06,-2.7574599e-05,-3.627874e-05,-0.029193195,0.00053230714
0.7586206896551724,0.10344827586206896,3.5986304e-06,-3.2030046e-05,-3.9838254e-05,-0.029193003,0.0005112613
0.7586206896551724,0.13793103448275862,-1.9595027e-06,-3.6481768e-05,-4.2682514e-05,-0.029192543,0.00049108453
0.7586206896551724,0.1724137931034483,-7.390976e-06,-4.0903687e-05,-4.487112e-05,-0.029191885,0.0004716487
0.7586206896551724,0.20689655172413793,-1.2643635e-05,-4.5280904e-05,-4.643947e-05,-0.029191049,0.00045285933
0.7586206896551724,0.24137931034482757,-1.7747283e-05,-4.957989e-05,-4.7435984e-05,-0.029190063,0.00043458567
0.7586206896551724,0.27586206896551724,-2.2694468e-05,-5.377829e-05,-4.7923997e-05,-0.02918895,0.00041674107
0.7586206896551724,0.3103448275862069,-2.746284e-05,-5.7872385e-05,-4.79389e-05,-0.029187776,0.0003992077
0.7586206896551724,0.3448275862068966,-3.2030046e-05,-6.184727e-05,-4.7557056e-05,-0.029186517,0.0003818846
0.7586206896551724,0.3793103448275862,-3.646314e-05,-6.566197e-05,-4.679896e-05,-0.029185224,0.00036471392
0.7586206896551724,0.41379310344827586,-4.068762e-05,-6.929785e-05,-4.573539e-05,-0.029183956,0.00034759514
0.7586206896551724,0.4482758620689655,-4.478544e-05,-7.272512e-05,-4.4437125e-05,-0.029182706,0.00033048991
0.7586206896551724,0.48275862068965514,-4.864484e-05,-7.594377e-05,-4.2920932e-05,-0.029181506,0.00031336356
0.7586206896551724,0.5172413793103449,-5.234778e-05,-7.894635e-05,-4.1261315e-05,-0.02918037,0.00029619166
0.7586206896551724,0.5517241379310345,-5.5871904e-05,-8.167699e-05,-3.948994e-05,-0.029179351,0.0002790153
0.7586206896551724,0.5862068965517241,-5.9194863e-05,-8.413568e-05,-3.766641e-05,-0.029178426,0.00026186995
0.7586206896551724,0.6206896551724138,-6.232411e-05,-8.6292624e-05,-3.5844743e-05,-0.029177638,0.00024488085
0.7586206896551724,0.6551724137931034,-6.5244734e-05,-8.810684e-05,-3.4065917e-05,-0.02917699,0.00022820177
0.7586206896551724,0.6896551724137931,-6.79791e-05,-8.960813e-05,-3.2380223e-05,-0.029176487,0.00021208455
0.7586206896551724,0.7241379310344828,-7.049739e-05,-9.074062e-05,-3.0823052e-05,-0.029176144,0.0001968927
0.7586206896551724,0.7586206896551724,-7.2836876e-05,-9.145215e-05,-2.9450282e-05,-0.02917599,0.00018310842
0.7586206896551724,0.7931034482758621,-7.495284e-05,-9.180978e-05,-2.8282404e-05,-0.029176012,0.0001713647
0.7586206896551724,0.8275862068965517,-7.688999e-05,-9.170547e-05,-2.7380884e-05,-0.029176194,0.00016243468
0.7586206896551724,0.8620689655172413,-7.858127e-05,-9.116158e-05,-2.679415e-05,-0.029176554,0.00015715043
0.7586206896551724,0.896551724137931,-8.007884e-05,-9.014085e-05,-2.6546419e-05,-0.029177098,0.00015624258
0.7586206896551724,0.9310344827586207,-8.136779e-05,-8.864701e-05,-2.6643276e-05,-0.02917779,0.0001601345
0.7586206896551724,0.9655172413793103,-8.247048e-05,-8.662045e-05,-2.7159229e-05,-0.029178636,0.00016881015
0.7586206896551724,1.0,-8.3342195e-05,-8.40649e-05,-2.8116629e-05,-0.02917963,0.00018188318
0.7931034482758621,0.0,2.0094216e-05,-7.75978e-06,-2.7868897e-05,-0.029191345,0.00057843566
0.7931034482758621,0.034482758620689655,1.4297664e-05,-1.2427568e-05,-3.257394e-05,-0.029191846,0.0005569347
0.7931034482758621,0.06896551724137931,8.679926e-06,-1.7136335e-05,-3.649108e-05,-0.029192034,0.00053641346
0.7931034482758621,0.10344827586206896,3.181398e-06,-2.1845102e-05,-3.9704144e-05,-0.029191907,0.00051676814
0.7931034482758621,0.13793103448275862,-2.1755695e-06,-2.6542693e-05,-4.224293e-05,-0.029191546,0.0004978888
0.7931034482758621,0.1724137931034483,-7.3835254e-06,-3.123656e-05,-4.4139102e-05,-0.029190943,0.00047964876
0.7931034482758621,0.20689655172413793,-1.244992e-05,-3.5852194e-05,-4.546903e-05,-0.029190134,0.00046195005
0.7931034482758621,0.24137931034482757,-1.7397106e-05,-4.0430576e-05,-4.627742e-05,-0.029189194,0.00044466523
0.7931034482758621,0.27586206896551724,-2.2172928e-05,-4.4915825e-05,-4.6612695e-05,-0.029188104,0.00042769645
0.7931034482758621,0.3103448275862069,-2.6851892e-05,-4.9307942e-05,-4.651025e-05,-0.029186929,0.00041093733
0.7931034482758621,0.3448275862068966,-3.1337142e-05,-5.356595e-05,-4.605204e-05,-0.029185688,0.0003942921
0.7931034482758621,0.3793103448275862,-3.5710633e-05,-5.7667494e-05,-4.5266002e-05,-0.02918441,0.00037768917
0.7931034482758621,0.41379310344827586,-3.9935112e-05,-6.162375e-05,-4.4209883e-05,-0.029183112,0.00036105292
0.7931034482758621,0.4482758620689655,-4.3973327e-05,-6.539747e-05,-4.2930245e-05,-0.029181859,0.0003443178
0.7931034482758621,0.48275862068965514,-4.7899783e-05,-6.8970025e-05,-4.149601e-05,-0.029180646,0.00032745974
0.7931034482758621,0.5172413793103449,-5.1632524e-05,-7.233396e-05,-3.99407e-05,-0.02917951,0.0003104624
0.7931034482758621,0.5517241379310345,-5.520135e-05,-7.54334e-05,-3.832765e-05,-0.029178454,0.00029333928
0.7931034482758621,0.5862068965517241,-5.8621168e-05,-7.828325e-05,-3.6664307e-05,-0.02917752,0.00027613514
0.7931034482758621,0.6206896551724138,-6.185472e-05,-8.08388e-05,-3.5069883e-05,-0.029176736,0.00025892368
0.7931034482758621,0.6551724137931034,-6.490201e-05,-8.3088875e-05,-3.349781e-05,-0.029176084,0.00024185226
0.7931034482758621,0.6896551724137931,-6.779283e-05,-8.50372e-05,-3.2071024e-05,-0.029175578,0.00022511976
0.7931034482758621,0.7241379310344828,-7.048249e-05,-8.6616725e-05,-3.08007e-05,-0.029175246,0.00020900853
0.7931034482758621,0.7586206896551724,-7.299334e-05,-8.7827444e-05,-2.972968e-05,-0.029175093,0.0001939515
0.7931034482758621,0.7931034482758621,-7.533282e-05,-8.8680536e-05,-2.891384e-05,-0.02917511,0.00018048176
0.7931034482758621,0.8275862068965517,-7.7456236e-05,-8.9075416e-05,-2.8362498e-05,-0.029175311,0.00016931296
0.7931034482758621,0.8620689655172413,-7.940084e-05,-8.907169e-05,-2.8148293e-05,-0.029175691,0.0001612599
0.7931034482758621,0.896551724137931,-8.112192e-05,-8.8594854e-05,-2.827309e-05,-0.02917626,0.00015716939
0.7931034482758621,0.9310344827586207,-8.2693994e-05,-8.764118e-05,-2.8789043e-05,-0.029176965,0.00015772147
0.7931034482758621,0.9655172413793103,-8.405745e-05,-8.621439e-05,-2.9750168e-05,-0.02917786,0.00016320808
0.7931034482758621,1.0,-8.521974e-05,-8.426607e-05,-3.1143427e-05,-0.02917888,0.00017346002
0.8275862068965517,0.0,1.9080937e-05,3.8295984e-06,-2.8608367e-05,-0.02918955,0.0005796392
0.8275862068965517,0.034482758620689655,1.3664365e-05,-1.0989606e-06,-3.2851472e-05,-0.02919017,0.00055968337
0.8275862068965517,0.06896551724137931,8.329749e-06,-6.0498714e-06,-3.6394224e-05,-0.029190471,0.0005406295
0.8275862068965517,0.10344827586206896,3.1366944e-06,-1.1052936e-05,-3.9245933e-05,-0.029190449,0.0005223399
0.8275862068965517,0.13793103448275862,-1.9595027e-06,-1.6026199e-05,-4.145503e-05,-0.029190134,0.00050471915
0.8275862068965517,0.1724137931034483,-6.943941e-06,-2.0973384e-05,-4.3097883e-05,-0.02918959,0.00048763922
0.8275862068965517,0.20689655172413793,-1.180917e-05,-2.5894493e-05,-4.4209883e-05,-0.029188845,0.00047098656
0.8275862068965517,0.24137931034482757,-1.6592443e-05,-3.0748546e-05,-4.480034e-05,-0.029187908,0.00045465326
0.8275862068965517,0.27586206896551724,-2.1226704e-05,-3.553182e-05,-4.499592e-05,-0.029186832,0.00043853096
0.8275862068965517,0.3103448275862069,-2.5749207e-05,-4.018843e-05,-4.480779e-05,-0.029185645,0.0004225205
0.8275862068965517,0.3448275862068966,-3.015995e-05,-4.4766814e-05,-4.4273213e-05,-0.029184388,0.00040653138
0.8275862068965517,0.3793103448275862,-3.4458935e-05,-4.9211085e-05,-4.3472275e-05,-0.029183097,0.0003904913
0.8275862068965517,0.41379310344827586,-3.861636e-05,-5.349517e-05,-4.239753e-05,-0.029181805,0.00037432145
0.8275862068965517,0.4482758620689655,-4.262477e-05,-5.7619065e-05,-4.1177496e-05,-0.02918053,0.00035796594
0.8275862068965517,0.48275862068965514,-4.6536326e-05,-6.154552e-05,-3.983453e-05,-0.02917929,0.00034140193
0.8275862068965517,0.5172413793103449,-5.032122e-05,-6.527454e-05,-3.838353e-05,-0.029178131,0.0003246026
0.8275862068965517,0.5517241379310345,-5.3927302e-05,-6.874651e-05,-3.6895275e-05,-0.02917706,0.00030758564
0.8275862068965517,0.5862068965517241,-5.7391822e-05,-7.1998686e-05,-3.5423785e-05,-0.02917611,0.00029036344
0.8275862068965517,0.6206896551724138,-6.0729682e-05,-7.496774e-05,-3.3995137e-05,-0.029175274,0.0002730104
0.8275862068965517,0.6551724137931034,-6.390363e-05,-7.766113e-05,-3.268756e-05,-0.029174622,0.00025563702
0.8275862068965517,0.6896551724137931,-6.6913664e-05,-8.004159e-05,-3.152713e-05,-0.029174104,0.0002384127
0.8275862068965517,0.7241379310344828,-6.9744885e-05,-8.21054e-05,-3.0538067e-05,-0.029173773,0.00022156983
0.8275862068965517,0.7586206896551724,-7.241964e-05,-8.379668e-05,-2.9783696e-05,-0.029173622,0.00020545369
0.8275862068965517,0.7931034482758621,-7.495284e-05,-8.512661e-05,-2.9290095e-05,-0.029173644,0.00019051439
0.8275862068965517,0.8275862068965517,-7.727742e-05,-8.6054206e-05,-2.9087067e-05,-0.029173857,0.00017737925
0.8275862068965517,0.8620689655172413,-7.946044e-05,-8.6560845e-05,-2.9245391e-05,-0.029174227,0.00016680859
0.8275862068965517,0.896551724137931,-8.1434846e-05,-8.666515e-05,-2.977997e-05,-0.029174803,0.00015968047
0.8275862068965517,0.9310344827586207,-8.324534e-05,-8.6285174e-05,-3.0726194e-05,-0.029175555,0.00015684208
0.8275862068965517,0.9655172413793103,-8.485466e-05,-8.542836e-05,-3.2093376e-05,-0.029176448,0.00015888004
0.8275862068965517,1.0,-8.632243e-05,-8.408353e-05,-3.3935532e-05,-0.029177494,0.00016594643
0.8620689655172413,0.0,1.8462539e-05,1.6078353e-05,-2.8967857e-05,-0.029187407,0.00058110204
0.8620689655172413,0.034482758620689655,1.3358891e-05,1.0848045e-05,-3.2795593e-05,-0.02918816,0.0005626672
0.8620689655172413,0.06896551724137931,8.404255e-06,5.6028366e-06,-3.594905e-05,-0.02918855,0.0005450257
0.8620689655172413,0.10344827586206896,3.4868717e-06,3.3155084e-07,-3.8443133e-05,-0.029188573,0.0005280583
0.8620689655172413,0.13793103448275862,-1.3262033e-06,-4.924834e-06,-4.0359795e-05,-0.02918834,0.0005116557
0.8620689655172413,0.1724137931034483,-6.072223e-06,-1.0177493e-05,-4.172325e-05,-0.029187834,0.00049569854
0.8620689655172413,0.20689655172413793,-1.0699034e-05,-1.5381724e-05,-4.2608008e-05,-0.02918711,0.0004800586
0.8620689655172413,0.24137931034482757,-1.526624e-05,-2.0548701e-05,-4.305318e-05,-0.029186184,0.00046463948
0.8620689655172413,0.27586206896551724,-1.975894e-05,-2.5633723e-05,-4.3097883e-05,-0.029185114,0.0004493409
0.8620689655172413,0.3103448275862069,-2.412498e-05,-3.0614436e-05,-4.2805448e-05,-0.029183911,0.00043406038
0.8620689655172413,0.3448275862068966,-2.8423965e-05,-3.5520643e-05,-4.2196363e-05,-0.029182645,0.0004187097
0.8620689655172413,0.3793103448275862,-3.261119e-05,-4.027784e-05,-4.136935e-05,-0.029181331,0.00040322158
0.8620689655172413,0.41379310344827586,-3.671646e-05,-4.4908375e-05,-4.0333718e-05,-0.02918001,0.00038751835
0.8620689655172413,0.4482758620689655,-4.0709972e-05,-4.9378723e-05,-3.9162114e-05,-0.029178688,0.00037156395
0.8620689655172413,0.48275862068965514,-4.4584274e-05,-5.3681433e-05,-3.7873164e-05,-0.029177422,0.00035530623
0.8620689655172413,0.5172413793103449,-4.836172e-05,-5.776435e-05,-3.6545098e-05,-0.029176222,0.00033873494
0.8620689655172413,0.5517241379310345,-5.2005053e-05,-6.1661005e-05,-3.520213e-05,-0.029175133,0.00032184433
0.8620689655172413,0.5862068965517241,-5.554408e-05,-6.5308064e-05,-3.3916906e-05,-0.029174123,0.0003046695
0.8620689655172413,0.6206896551724138,-5.8934093e-05,-6.869435e-05,-3.2704324e-05,-0.029173283,0.00028724194
0.8620689655172413,0.6551724137931034,-6.22198e-05,-7.183477e-05,-3.16184e-05,-0.029172603,0.00026966698
0.8620689655172413,0.6896551724137931,-6.534904e-05,-7.465854e-05,-3.0718744e-05,-0.029172052,0.00025206545
0.8620689655172413,0.7241379310344828,-6.8329275e-05,-7.719174e-05,-3.0010939e-05,-0.029171702,0.00023464074
0.8620689655172413,0.7586206896551724,-7.1153045e-05,-7.938221e-05,-2.9584393e-05,-0.029171523,0.00021765547
0.8620689655172413,0.7931034482758621,-7.38278e-05,-8.11927e-05,-2.9424205e-05,-0.029171543,0.00020149606
0.8620689655172413,0.8275862068965517,-7.636845e-05,-8.266792e-05,-2.957508e-05,-0.029171746,0.00018668358
0.8620689655172413,0.8620689655172413,-7.8715384e-05,-8.3722174e-05,-3.0111521e-05,-0.029172134,0.00017389513
0.8620689655172413,0.896551724137931,-8.092821e-05,-8.43741e-05,-3.1029806e-05,-0.029172719,0.00016395973
0.8620689655172413,0.9310344827586207,-8.2969666e-05,-8.454919e-05,-3.2387674e-05,-0.029173454,0.0001577943
0.8620689655172413,0.9655172413793103,-8.482486e-05,-8.431077e-05,-3.4177676e-05,-0.029174378,0.00015622262
0.8620689655172413,1.0,-8.6545944e-05,-8.354336e-05,-3.6446378e-05,-0.029175444,0.0001597439
0.896551724137931,0.0,1.8261373e-05,2.8904527e-05,-2.8992072e-05,-0.029184915,0.00058290607
0.896551724137931,0.034482758620689655,1.35451555e-05,2.3398548e-05,-3.2408163e-05,-0.029185776,0.0005659517
0.896551724137931,0.06896551724137931,8.910894e-06,1.784414e-05,-3.515184e-05,-0.029186234,0.0005496926
0.896551724137931,0.10344827586206896,4.3287873e-06,1.2263656e-05,-3.7305057e-05,-0.029186359,0.000534004
0.896551724137931,0.13793103448275862,-1.937151e-07,6.6943467e-06,-3.892742e-05,-0.029186148,0.0005187848
0.896551724137931,0.1724137931034483,-4.656613e-06,1.1399388e-06,-4.0045008e-05,-0.029185664,0.0005039071
0.896551724137931,0.20689655172413793,-9.074807e-06,-4.377216e-06,-4.0709972e-05,-0.029184936,0.0004892538
0.896551724137931,0.24137931034482757,-1.3425946e-05,-9.845942e-06,-4.096888e-05,-0.029184017,0.00047472538
0.896551724137931,0.27586206896551724,-1.7732382e-05,-1.5236437e-05,-4.0901825e-05,-0.029182939,0.00046022036
0.896551724137931,0.3103448275862069,-2.193451e-05,-2.0563602e-05,-4.0501356e-05,-0.029181717,0.00044565173
0.896551724137931,0.3448275862068966,-2.6106834e-05,-2.5790185e-05,-3.983453e-05,-0.029180419,0.0004309323
0.896551724137931,0.3793103448275862,-3.0189753e-05,-3.0890107e-05,-3.8981438e-05,-0.029179066,0.00041599295
0.896551724137931,0.41379310344827586,-3.4183264e-05,-3.5874546e-05,-3.7964433e-05,-0.029177694,0.0004007665
0.896551724137931,0.4482758620689655,-3.8154423e-05,-4.070252e-05,-3.6822632e-05,-0.029176332,0.00038520535
0.896551724137931,0.48275862068965514,-4.198402e-05,-4.537031e-05,-3.5641715e-05,-0.029175015,0.00036927758
0.896551724137931,0.5172413793103449,-4.5761466e-05,-4.9866736e-05,-3.443286e-05,-0.029173762,0.00035296907
0.896551724137931,0.5517241379310345,-4.94197e-05,-5.414337e-05,-3.325194e-05,-0.02917261,0.00033625713
0.896551724137931,0.5862068965517241,-5.299598e-05,-5.8203936e-05,-3.2136217e-05,-0.029171588,0.00031916614
0.896551724137931,0.6206896551724138,-5.6415796e-05,-6.203726e-05,-3.11248e-05,-0.02917067,0.00030173908
0.896551724137931,0.6551724137931034,-5.978346e-05,-6.5591186e-05,-3.0292198e-05,-0.029169941,0.00028404
0.896551724137931,0.6896551724137931,-6.300211e-05,-6.8899244e-05,-2.9640272e-05,-0.029169366,0.0002661779
0.896551724137931,0.7241379310344828,-6.607175e-05,-7.189438e-05,-2.9221177e-05,-0.029168984,0.00024830207
0.896551724137931,0.7586206896551724,-6.9096684e-05,-7.4561685e-05,-2.9092655e-05,-0.029168777,0.00023063457
0.896551724137931,0.7931034482758621,-7.1913004e-05,-7.691607e-05,-2.9275194e-05,-0.029168759,0.00021349218
0.896551724137931,0.8275862068965517,-7.4632466e-05,-7.888302e-05,-2.9796734e-05,-0.029168947,0.00019727879
0.896551724137931,0.8620689655172413,-7.7188015e-05,-8.048117e-05,-3.0696392e-05,-0.029169321,0.00018259321
0.896551724137931,0.896551724137931,-7.957965e-05,-8.167699e-05,-3.1987205e-05,-0.029169891,0.00017014908
0.896551724137931,0.9310344827586207,-8.184463e-05,-8.247048e-05,-3.373623e-05,-0.02917065,0.00016087168
0.896551724137931,0.9655172413793103,-8.395314e-05,-8.27834e-05,-3.5965815e-05,-0.029171567,0.00015568682
0.896551724137931,1.0,-8.5935e-05,-8.264929e-05,-3.8664788e-05,-0.029172644,0.00015539267
0.9310344827586207,0.0,1.8551946e-05,4.2330474e-05,-2.863817e-05,-0.029182073,0.0005851384
0.9310344827586207,0.034482758620689655,1.4215708e-05,3.6485493e-05,-3.1625852e-05,-0.029183036,0.00056961714
0.9310344827586207,0.06896551724137931,9.924173e-06,3.0621886e-05,-3.401935e-05,-0.02918357,0.00055470807
0.9310344827586207,0.10344827586206896,5.669892e-06,2.4732202e-05,-3.584288e-05,-0.029183738,0.0005402648
0.9310344827586207,0.13793103448275862,1.4454126e-06,1.8820167e-05,-3.715977e-05,-0.029183563,0.0005261899
0.9310344827586207,0.1724137931034483,-2.7567148e-06,1.2971461e-05,-3.8020313e-05,-0.029183086,0.00051235064
0.9310344827586207,0.20689655172413793,-6.906688e-06,7.1302056e-06,-3.8491562e-05,-0.029182358,0.00049865467
0.9310344827586207,0.24137931034482757,-1.1056662e-05,1.3262033e-06,-3.857538e-05,-0.029181425,0.0004849868
0.9310344827586207,0.27586206896551724,-1.5124679e-05,-4.388392e-06,-3.8353726e-05,-0.029180303,0.00047126622
0.9310344827586207,0.3103448275862069,-1.9185245e-05,-1.006946e-05,-3.78713e-05,-0.029179059,0.00045738375
0.9310344827586207,0.3448275862068966,-2.3186207e-05,-1.5631318e-05,-3.715977e-05,-0.029177682,0.00044328606
0.9310344827586207,0.3793103448275862,-2.7164817e-05,-2.1088868e-05,-3.630109e-05,-0.029176287,0.00042889867
0.9310344827586207,0.41379310344827586,-3.1091273e-05,-2.6445836e-05,-3.5302714e-05,-0.029174848,0.00041415417
0.9310344827586207,0.4482758620689655,-3.492087e-05,-3.1620264e-05,-3.4235418e-05,-0.02917342,0.00039901273
0.9310344827586207,0.48275862068965514,-3.875047e-05,-3.6675483e-05,-3.3119693e-05,-0.029172035,0.00038343525
0.9310344827586207,0.5172413793103449,-4.246831e-05,-4.1551888e-05,-3.203191e-05,-0.029170725,0.0003674045
0.9310344827586207,0.5517241379310345,-4.6126544e-05,-4.6253204e-05,-3.1007454e-05,-0.029169504,0.00035091458
0.9310344827586207,0.5862068965517241,-4.9695373e-05,-5.0716102e-05,-3.0055642e-05,-0.029168392,0.00033396433
0.9310344827586207,0.6206896551724138,-5.3212047e-05,-5.497411e-05,-2.9273331e-05,-0.029167434,0.00031660148
0.9310344827586207,0.6551724137931034,-5.6624413e-05,-5.8993697e-05,-2.8662384e-05,-0.029166635,0.0002988555
0.9310344827586207,0.6896551724137931,-5.993247e-05,-6.275624e-05,-2.8274953e-05,-0.029166004,0.00028084219
0.9310344827586207,0.7241379310344828,-6.312132e-05,-6.6224486e-05,-2.8152019e-05,-0.029165573,0.00026264886
0.9310344827586207,0.7586206896551724,-6.622076e-05,-6.939843e-05,-2.8342009e-05,-0.02916532,0.0002444719
0.9310344827586207,0.7931034482758621,-6.9215894e-05,-7.2237104e-05,-2.8830022e-05,-0.029165266,0.00022655075
0.9310344827586207,0.8275862068965517,-7.207692e-05,-7.4744225e-05,-2.9711053e-05,-0.029165408,0.00020921657
0.9310344827586207,0.8620689655172413,-7.478893e-05,-7.6878816e-05,-3.0981377e-05,-0.029165786,0.00019295463
0.9310344827586207,0.896551724137931,-7.742643e-05,-7.864833e-05,-3.267452e-05,-0.029166332,0.00017837537
0.9310344827586207,0.9310344827586207,-7.9892576e-05,-8.000061e-05,-3.4837052e-05,-0.029167052,0.00016629472
0.9310344827586207,0.9655172413793103,-8.222461e-05,-8.0913305e-05,-3.745407e-05,-0.02916798,0.00015766275
0.9310344827586207,1.0,-8.442253e-05,-8.1371516e-05,-4.0590763e-05,-0.029169057,0.00015346335
0.9655172413793103,0.0,1.9311905e-05,5.629286e-05,-2.7928501e-05,-0.029178932,0.0005878754
0.9655172413793103,0.034482758620689655,1.5363097e-05,5.0134957e-05,-3.0497089e-05,-0.02917996,0.00057376624
0.9655172413793103,0.06896551724137931,1.14664435e-05,4.389882e-05,-3.2495707e-05,-0.029180545,0.00056014635
0.9655172413793103,0.10344827586206896,7.5399876e-06,3.7703663e-05,-3.4015626e-05,-0.029180748,0.0005469176
0.9655172413793103,0.13793103448275862,3.6135316e-06,3.1471252e-05,-3.505498e-05,-0.02918058,0.0005339435
0.9655172413793103,0.1724137931034483,-2.7567148e-07,2.527982e-05,-3.5675243e-05,-0.029180108,0.00052112504
0.9655172413793103,0.20689655172413793,-4.172325e-06,1.9088387e-05,-3.592111e-05,-0.029179359,0.0005083436
0.9655172413793103,0.24137931034482757,-8.0391765e-06,1.295656e-05,-3.5841018e-05,-0.02917838,0.00049551873
0.9655172413793103,0.27586206896551724,-1.1950731e-05,6.880611e-06,-3.5515055e-05,-0.029177198,0.00048254998
0.9655172413793103,0.3103448275862069,-1.578778e-05,8.754432e-07,-3.4937635e-05,-0.029175881,0.0004693602
0.9655172413793103,0.3448275862068966,-1.962483e-05,-5.029142e-06,-3.4190714e-05,-0.029174471,0.0004558774
0.9655172413793103,0.3793103448275862,-2.349168e-05,-1.0851771e-05,-3.331341e-05,-0.029172977,0.0004420335
0.9655172413793103,0.41379310344827586,-2.7269125e-05,-1.6573817e-05,-3.2333657e-05,-0.029171472,0.00042777738
0.9655172413793103,0.4482758620689655,-3.104657e-05,-2.2154301e-05,-3.132969e-05,-0.029169958,0.00041306845
0.9655172413793103,0.48275862068965514,-3.478676e-05,-2.7574599e-05,-3.0301511e-05,-0.029168472,0.00039786188
0.9655172413793103,0.5172413793103449,-3.84748e-05,-3.285706e-05,-2.9334798e-05,-0.029167065,0.0003821462
0.9655172413793103,0.5517241379310345,-4.2118132e-05,-3.7953258e-05,-2.8457493e-05,-0.029165767,0.00036590907
0.9655172413793103,0.5862068965517241,-4.569441e-05,-4.2852014e-05,-2.7701259e-05,-0.029164579,0.00034916154
0.9655172413793103,0.6206896551724138,-4.9203634e-05,-4.7542155e-05,-2.7129427e-05,-0.029163538,0.00033191385
0.9655172413793103,0.6551724137931034,-5.2668154e-05,-5.2001327e-05,-2.6764348e-05,-0.029162662,0.00031421453
0.9655172413793103,0.6896551724137931,-5.606562e-05,-5.6236982e-05,-2.6626512e-05,-0.029161958,0.00029612874
0.9655172413793103,0.7241379310344828,-5.9343874e-05,-6.0211867e-05,-2.6807189e-05,-0.029161451,0.00027774752
0.9655172413793103,0.7586206896551724,-6.2547624e-05,-6.3836575e-05,-2.7285889e-05,-0.029161137,0.00025921594
0.9655172413793103,0.7931034482758621,-6.566942e-05,-6.7189336e-05,-2.8109178e-05,-0.029161023,0.00024071854
0.9655172413793103,0.8275862068965517,-6.86869e-05,-7.024035e-05,-2.9334798e-05,-0.029161114,0.00022252885
0.9655172413793103,0.8620689655172413,-7.157773e-05,-7.291883e-05,-3.098324e-05,-0.029161435,0.00020500577
0.9655172413793103,0.896551724137931,-7.4356794e-05,-7.523224e-05,-3.303215e-05,-0.029161956,0.00018867187
0.9655172413793103,0.9310344827586207,-7.7053905e-05,-7.7132136e-05,-3.5611913e-05,-0.029162647,0.0001741993
0.9655172413793103,0.9655172413793103,-7.9602e-05,-7.8652054e-05,-3.8640574e-05,-0.029163562,0.00016246633
0.9655172413793103,1.0,-8.202344e-05,-7.971749e-05,-4.2211264e-05,-0.029164635,0.0001544869
1.0,0.0,2.0600855e-05,7.080287e-05,-2.6840717e-05,-0.029175466,0.00059120014
1.0,0.034482758620689655,1.7054379e-05,6.426498e-05,-2.9014423e-05,-0.029176567,0.0005784478
1.0,0.06896551724137931,1.3515353e-05,5.7708472e-05,-3.065169e-05,-0.029177187,0.00056609703
1.0,0.10344827586206896,9.968877e-06,5.114451e-05,-3.1838194e-05,-0.029177386,0.00055402686
1.0,0.13793103448275862,6.392598e-06,4.45731e-05,-3.2594427e-05,-0.029177213,0.00054212334
1.0,0.1724137931034483,2.771616e-06,3.8020313e-05,-3.2985583e-05,-0.029176721,0.0005302835
1.0,0.20689655172413793,-8.121133e-07,3.148243e-05,-3.3028424e-05,-0.029175913,0.0005183999
1.0,0.24137931034482757,-4.4703484e-06,2.501905e-05,-3.2817945e-05,-0.029174889,0.00050639355
1.0,0.27586206896551724,-8.098781e-06,1.8589199e-05,-3.2333657e-05,-0.029173648,0.00049416686
1.0,0.3103448275862069,-1.1779368e-05,1.2226403e-05,-3.1711534e-05,-0.029172253,0.00048165253
1.0,0.3448275862068966,-1.5459955e-05,5.953014e-06,-3.0910596e-05,-0.029170735,0.00046877534
1.0,0.3793103448275862,-1.9140542e-05,-2.1979213e-07,-3.0022115e-05,-0.029169152,0.00045548278
1.0,0.41379310344827586,-2.2806227e-05,-6.314367e-06,-2.906844e-05,-0.029167525,0.00044171978
1.0,0.4482758620689655,-2.6464462e-05,-1.22748315e-05,-2.811104e-05,-0.029165912,0.00042745224
1.0,0.48275862068965514,-3.0092895e-05,-1.809746e-05,-2.7192757e-05,-0.029164327,0.0004126465
1.0,0.5172413793103449,-3.375113e-05,-2.3789704e-05,-2.6356429e-05,-0.029162813,0.00039727564
1.0,0.5517241379310345,-3.734976e-05,-2.9291958e-05,-2.5622547e-05,-0.0291614,0.00038133728
1.0,0.5862068965517241,-4.093349e-05,-3.4615397e-05,-2.5060028e-05,-0.029160101,0.00036482545
1.0,0.6206896551724138,-4.4465065e-05,-3.9756298e-05,-2.4672598e-05,-0.029158955,0.00034776054
1.0,0.6551724137931034,-4.797429e-05,-4.466623e-05,-2.45478e-05,-0.029157968,0.0003301766
1.0,0.6896551724137931,-5.1386654e-05,-4.9345195e-05,-2.47024e-05,-0.029157164,0.00031211568
1.0,0.7241379310344828,-5.4754317e-05,-5.377084e-05,-2.5121495e-05,-0.029156558,0.00029366068
1.0,0.7586206896551724,-5.8062375e-05,-5.7920814e-05,-2.5931746e-05,-0.02915618,0.0002749144
1.0,0.7931034482758621,-6.1288476e-05,-6.1795115e-05,-2.7099624e-05,-0.029156,0.00025602872
1.0,0.8275862068965517,-6.443262e-05,-6.536022e-05,-2.864562e-05,-0.02915602,0.00023720601
1.0,0.8620689655172413,-6.750226e-05,-6.856024e-05,-3.065914e-05,-0.029156277,0.00021874775
1.0,0.896551724137931,-7.046014e-05,-7.1428716e-05,-3.3121556e-05,-0.029156735,0.0002010335
1.0,0.9310344827586207,-7.331371e-05,-7.3920935e-05,-3.6055222e-05,-0.029157408,0.0001846294
1.0,0.9655172413793103,-7.606298e-05,-7.60518e-05,-3.9499253e-05,-0.02915828,0.00017025646
1.0,1.0,-7.870793e-05,-7.769838e-05,-4.348904e-05,-0.029159324,0.00015886794
